,ObjectTable,us_node_id,us_node_id_flag,link_suffix,link_suffix_flag,ds_node_id,ds_node_id_flag,link_type,link_type_flag,asset_id,asset_id_flag,sewer_reference,sewer_reference_flag,system_type,system_type_flag,branch_id,branch_id_flag,point_array,is_merged,asset_uid,x0,y0
2,hw_conduit,18354,GIS,1,,18355,GIS,Cond,,160460777,GIS,,,sanitary,,,,"{2295150.1279515852220356,145041.6740005756146275,2295263.9548091809265316,145067.5737005781556945,2295264.9210515837185085,145067.7935005793406162}",,,2295150.1279515852220356,145041.6740005756146275
3,hw_conduit,18355,GIS,1,,2329,GIS,Cond,,160460778,GIS,,,sanitary,,,,"{2295264.9210515837185085,145067.7935005793406162,2295270.5218515819869936,145069.027100577019155}",,,2295264.9210515837185085,145067.7935005793406162
4,hw_conduit,19128,GIS,1,,2038,GIS,Cond,,160441863,GIS,,,sanitary,,,,"{2296605.1473515927791595,148328.2148005948693026,2296721.3048515990376472,148262.5853005911340006}",,,2296605.1473515927791595,148328.2148005948693026
5,hw_conduit,1995,GIS,1,,19128,GIS,Cond,,160441947,GIS,,,sanitary,,,,"{2296512.2478515887632966,148381.258800584851997,2296605.1473515927791595,148328.2148005948693026}",,,2296512.2478515887632966,148381.258800584851997
6,hw_conduit,2038,GIS,1,,2039,GIS,Cond,,160441484,GIS,,,sanitary,,,,"{2296721.3048515990376472,148262.5853005911340006,2296776.6358515871688724,148249.7480005944962613}",,,2296721.3048515990376472,148262.5853005911340006
7,hw_conduit,2039,GIS,1,,33-486071,CAR,Cond,,160441486,GIS,,,sanitary,,,,"{2296776.6358515871688724,148249.7480005944962613,2296801.7064727870747447,148241.7249135529564228}",,,2296776.6358515871688724,148249.7480005944962613
8,hw_conduit,2284,GIS,1,,1995,GIS,Cond,,160444171,GIS,,,sanitary,,,,"{2296444.7475515869446099,148418.1588005894445814,2296512.2478515887632966,148381.258800584851997}",,,2296444.7475515869446099,148418.1588005894445814
9,hw_conduit,2285,GIS,1,,2284,GIS,Cond,,160444173,GIS,,,sanitary,,,,"{2296389.67175158765167,148435.458500585402362,2296444.7475515869446099,148418.1588005894445814}",,,2296389.67175158765167,148435.458500585402362
10,hw_conduit,2329,GIS,1,,2330,GIS,Cond,,10208557,GIS,,,sanitary,,,,"{2295270.5218515819869936,145069.027100577019155,2295398.1221515838988125,145097.5949005760194268}",,,2295270.5218515819869936,145069.027100577019155
11,hw_conduit,2330,GIS,1,,2332,GIS,Cond,,10208564,GIS,,,sanitary,,,,"{2295398.1221515838988125,145097.5949005760194268,2295414.1837515886873007,145101.1908005766745191}",,,2295398.1221515838988125,145097.5949005760194268
12,hw_conduit,2332,GIS,1,,2347,GIS,Cond,,10208595,GIS,,,sanitary,,,,"{2295414.1837515886873007,145101.1908005766745191,2295453.20710918167606,145109.2199005784641486,2295483.2677091821096838,145115.4050005814060569,2295536.8212091820314527,145126.4236005792918149,2295545.8240515827201307,145128.2759005756815895}",,,2295414.1837515886873007,145101.1908005766745191
13,hw_conduit,2334,GIS,1,,27-476043,CAR,Cond,,10208596,GIS,,,sanitary,,,,"{2295653.1371515882201493,145117.0449005791451782,2295675.8919502226635814,145113.107142340450082}",,,2295653.1371515882201493,145117.0449005791451782
14,hw_conduit,2347,GIS,1,,2348,GIS,Cond,,10208599,GIS,,,sanitary,,,,"{2295545.8240515827201307,145128.2759005756815895,2295560.8508091843686998,145126.7033005806733854,2295574.9258515904657543,145125.2302005806122907}",,,2295545.8240515827201307,145128.2759005756815895
15,hw_conduit,2348,GIS,1,,2334,GIS,Cond,,10208598,GIS,,,sanitary,,,,"{2295574.9258515904657543,145125.2302005806122907,2295582.2330091805197299,145124.4655005819222424,2295600.4380091824568808,145122.5602005820546765,2295624.7054091822355986,145120.0205005788593553,2295653.1371515882201493,145117.0449005791451782}",,,2295574.9258515904657543,145125.2302005806122907
16,hw_conduit,24-476002,,1,,24-476003,,Cond,,4832,,,,sanitary,,,,"{2294708.3921326189301908,145625.4851473025046289,2294746.2111374991945922,145624.9004799425019883}",,,2294708.3921326189301908,145625.4851473025046289
17,hw_conduit,24-476003,,1,,27-476002,,Cond,,4830,,,,sanitary,,,,"{2294746.2111374991945922,145624.9004799425019883,2294810.9847036595456302,145627.5875967425236013}",,,2294746.2111374991945922,145624.9004799425019883
18,hw_conduit,2430,GIS,1,,2431,GIS,Cond,,160445718,GIS,,,sanitary,,,,"{2296219.9093515845015645,148463.6088005957426503,2296261.1844515847042203,148453.5447005938913208}",,,2296219.9093515845015645,148463.6088005957426503
19,hw_conduit,2431,GIS,1,,2285,GIS,Cond,,160446347,GIS,,,sanitary,,,,"{2296261.1844515847042203,148453.5447005938913208,2296270.8889091857708991,148452.1787005927180871,2296389.67175158765167,148435.458500585402362}",,,2296261.1844515847042203,148453.5447005938913208
20,hw_conduit,27-476002,,1,,27-476003,,Cond,,4829,,,,sanitary,,,,"{2294810.9847036595456302,145627.5875967425236013,2294852.56728749955073,145632.8786504225281533}",,,2294810.9847036595456302,145627.5875967425236013
21,hw_conduit,27-476003,,1,,27-476004,,Cond,,4825,,,,sanitary,,,,"{2294852.56728749955073,145632.8786504225281533,2294968.9068566998466849,145648.1279468225839082}",,,2294852.56728749955073,145632.8786504225281533
22,hw_conduit,27-476004,,1,,27-476005,,Cond,,4821,,,,sanitary,,,,"{2294968.9068566998466849,145648.1279468225839082,2295032.0492856604978442,145657.2718249026220292}",,,2294968.9068566998466849,145648.1279468225839082
23,hw_conduit,27-476005,,1,,27-476006,,Cond,,4828,,,,sanitary,,,,"{2295032.0492856604978442,145657.2718249026220292,2295124.1261957404203713,145627.9191581825143658}",,,2295032.0492856604978442,145657.2718249026220292
24,hw_conduit,27-476006,,1,,27-478023,,Cond,,4827,,,,sanitary,,,,"{2295124.1261957404203713,145627.9191581825143658,2295119.572270380333066,145721.6142819428932853}",,,2295124.1261957404203713,145627.9191581825143658
25,hw_conduit,27-476043,,1,,30-476039,,Cond,,22646,,,,sanitary,,,,"{2295675.8919502226635814,145113.107142340450082,2295802.9046400631777942,145094.4007129003875889}",,,2295675.8919502226635814,145113.107142340450082
26,hw_conduit,27-478023,,1,,27-478024,,Cond,,4815,,,,sanitary,,,,"{2295119.572270380333066,145721.6142819428932853,2295176.7710688607767224,145719.4865036228729878}",,,2295119.572270380333066,145721.6142819428932853
27,hw_conduit,27-478024,,1,,27-478025,,Cond,,4814,,,,sanitary,,,,"{2295176.7710688607767224,145719.4865036228729878,2295181.7468069405294955,145761.0429051430546679}",,,2295176.7710688607767224,145719.4865036228729878
28,hw_conduit,27-478025,,1,,27-478051,,Cond,,4808,,,,sanitary,,,,"{2295181.7468069405294955,145761.0429051430546679,2295312.1892892611213028,145769.588978983083507}",,,2295181.7468069405294955,145761.0429051430546679
29,hw_conduit,27-478051,,1,,27-478052,,Cond,,4804,,,,sanitary,,,,"{2295312.1892892611213028,145769.588978983083507,2295360.8823999017477036,145810.9642988232371863}",,,2295312.1892892611213028,145769.588978983083507
30,hw_conduit,27-478052,,1,,27-478053,,Cond,,4799,,,,sanitary,,,,"{2295360.8823999017477036,145810.9642988232371863,2295354.9876898215152323,145856.1592808234272525}",,,2295360.8823999017477036,145810.9642988232371863
31,hw_conduit,27-478053,,1,,27-478056,,Cond,,4791,,,,sanitary,,,,"{2295354.9876898215152323,145856.1592808234272525,2295424.5655745416879654,145913.2032104236714076}",,,2295354.9876898215152323,145856.1592808234272525
32,hw_conduit,27-478056,,1,,27-478057,,Cond,,4786,,,,sanitary,,,,"{2295424.5655745416879654,145913.2032104236714076,2295500.6333827818743885,145904.8639433836215176}",,,2295424.5655745416879654,145913.2032104236714076
33,hw_conduit,27-478057,,1,,27-478065,,Cond,,12629,,,,sanitary,,,,"{2295500.6333827818743885,145904.8639433836215176,2295589.9386245422065258,145924.6376605037075933}",,,2295500.6333827818743885,145904.8639433836215176
34,hw_conduit,27-478065,,1,,27-478066,,Cond,,4772,,,,sanitary,,,,"{2295589.9386245422065258,145924.6376605037075933,2295656.7220419025979936,145948.2512175437877886}",,,2295589.9386245422065258,145924.6376605037075933
35,hw_conduit,27-478066,,1,,27-478067,,Cond,,14874,,,,sanitary,,,,"{2295656.7220419025979936,145948.2512175437877886,2295673.5265193427912891,145953.9459483438404277}",,,2295656.7220419025979936,145948.2512175437877886
36,hw_conduit,27-478067,,1,,30-478006,,Cond,,12745,,,,sanitary,,,,"{2295673.5265193427912891,145953.9459483438404277,2295714.4685659832321107,145966.617703543859534}",,,2295673.5265193427912891,145953.9459483438404277
37,hw_conduit,30-470003,,1,,30-470004,,Cond,,12657,,,,sanitary,,,,"{2296244.4721491052769125,143566.5745280142873526,2296342.0230538253672421,143573.5770032143045682}",,,2296244.4721491052769125,143566.5745280142873526
38,hw_conduit,30-470004,,1,,30-470009,,Cond,,12498,,,,sanitary,,,,"{2296342.0230538253672421,143573.5770032143045682,2296443.9090679856017232,143609.7182364944601431}",,,2296342.0230538253672421,143573.5770032143045682
39,hw_conduit,30-470009,,1,,30-470010,,Cond,,6952,,,,sanitary,,,,"{2296443.9090679856017232,143609.7182364944601431,2296540.0622818260453641,143671.5252147346909624}",,,2296443.9090679856017232,143609.7182364944601431
40,hw_conduit,30-470010,,1,,30-470011,,Cond,,6950,,,,sanitary,,,,"{2296540.0622818260453641,143671.5252147346909624,2296604.1710182265378535,143738.6960328949498944}",,,2296540.0622818260453641,143671.5252147346909624
41,hw_conduit,30-470011,,1,,33-470003,,Cond,,6946,,,,sanitary,,,,"{2296604.1710182265378535,143738.6960328949498944,2296648.1718852669000626,143793.7302332151739392}",,,2296604.1710182265378535,143738.6960328949498944
42,hw_conduit,30-474036,,1,,30-474071,,Cond,,12169,,,,sanitary,,,,"{2296506.705091746058315,144991.7020409799879417,2296506.2348767863586545,144980.2957848999358248}",,,2296506.705091746058315,144991.7020409799879417
43,hw_conduit,30-474037,,1,,30-474038,,Cond,,14926,,,,sanitary,,,,"{2296504.3221958260983229,144911.8038111396308523,2296502.0947783859446645,144837.3228831393353175}",,,2296504.3221958260983229,144911.8038111396308523
44,hw_conduit,30-474038,,1,,30-474041,,Cond,,5985,,,,sanitary,,,,"{2296502.0947783859446645,144837.3228831393353175,2296563.0629165461286902,144779.8924366591090802}",,,2296502.0947783859446645,144837.3228831393353175
45,hw_conduit,30-474041,,1,,I33-474000,,Cond,,12465,,,,sanitary,,,,"{2296563.0629165461286902,144779.8924366591090802,2296616.4642118266783655,144765.57570633906289}",,,2296563.0629165461286902,144779.8924366591090802
46,hw_conduit,30-474065,,1,,30-474066,,Cond,,5934,,,,sanitary,,,,"{2296038.1450433442369103,145058.0725457802473102,2296113.1799758244305849,145047.2246223402034957}",,,2296038.1450433442369103,145058.0725457802473102
47,hw_conduit,30-474066,,1,,30-474067,,Cond,,5936,,,,sanitary,,,,"{2296113.1799758244305849,145047.2246223402034957,2296188.4768534246832132,145036.3737118601566181}",,,2296113.1799758244305849,145047.2246223402034957
48,hw_conduit,30-474067,,1,,30-474087,,Cond,,17141,,,,sanitary,,,,"{2296188.4768534246832132,145036.3737118601566181,2296201.5454582246020436,145034.4580591001431458}",,,2296188.4768534246832132,145036.3737118601566181
49,hw_conduit,30-474068,,1,,30-474069,,Cond,,5942,,,,sanitary,,,,"{2296307.1850843853317201,145018.9730608600657433,2296378.8940240256488323,145006.9225947400263976}",,,2296307.1850843853317201,145018.9730608600657433
50,hw_conduit,30-474069,,1,,30-474070,,Cond,,5947,,,,sanitary,,,,"{2296378.8940240256488323,145006.9225947400263976,2296449.9641943057067692,144994.9105181799968705}",,,2296378.8940240256488323,145006.9225947400263976
51,hw_conduit,30-474070,,1,,30-474071,,Cond,,5950,,,,sanitary,,,,"{2296449.9641943057067692,144994.9105181799968705,2296506.2348767863586545,144980.2957848999358248}",,,2296449.9641943057067692,144994.9105181799968705
52,hw_conduit,30-474071,,1,,30-474072,,Cond,,5960,,,,sanitary,,,,"{2296506.2348767863586545,144980.2957848999358248,2296505.4853126262314618,144950.6170431398204528}",,,2296506.2348767863586545,144980.2957848999358248
53,hw_conduit,30-474072,,1,,30-474037,,Cond,,12451,,,,sanitary,,,,"{2296505.4853126262314618,144950.6170431398204528,2296504.3221958260983229,144911.8038111396308523}",,,2296505.4853126262314618,144950.6170431398204528
54,hw_conduit,30-474080,,1,,30-474065,,Cond,,5928,,,,sanitary,,,,"{2295972.8757809437811375,145067.3138684202567674,2296038.1450433442369103,145058.0725457802473102}",,,2295972.8757809437811375,145067.3138684202567674
55,hw_conduit,30-474087,,1,,30-474068,,Cond,,17142,,,,sanitary,,,,"{2296201.5454582246020436,145034.4580591001431458,2296307.1850843853317201,145018.9730608600657433}",,,2296201.5454582246020436,145034.4580591001431458
56,hw_conduit,30-476016,,1,,30-474080,,Cond,,5924,,,,sanitary,,,,"{2295903.4961991040036082,145077.6813356203201693,2295972.8757809437811375,145067.3138684202567674}",,,2295903.4961991040036082,145077.6813356203201693
57,hw_conduit,30-476039,,1,,30-476016,,Cond,,5920,,,,sanitary,,,,"{2295802.9046400631777942,145094.4007129003875889,2295903.4961991040036082,145077.6813356203201693}",,,2295802.9046400631777942,145094.4007129003875889
58,hw_conduit,30-478001,,1,,30-478002,,Cond,,4910,,,,sanitary,,,,"{2295812.2036918234080076,146093.5489508243626915,2295809.7234427835792303,146014.3616060240601655}",,,2295812.2036918234080076,146093.5489508243626915
59,hw_conduit,30-478002,,1,,30-478007,,Cond,,4916,,,,sanitary,,,,"{2295809.7234427835792303,146014.3616060240601655,2295808.3208141434006393,145980.6740432239312213}",,,2295809.7234427835792303,146014.3616060240601655
60,hw_conduit,30-478006,,1,,30-478007,,Cond,,5020,,,,sanitary,,,,"{2295714.4685659832321107,145966.617703543859534,2295808.3208141434006393,145980.6740432239312213}",,,2295714.4685659832321107,145966.617703543859534
61,hw_conduit,30-478007,,1,,30-478008,,Cond,,4915,,,,sanitary,,,,"{2295808.3208141434006393,145980.6740432239312213,2295844.9646931034512818,145986.616393543954473}",,,2295808.3208141434006393,145980.6740432239312213
62,hw_conduit,30-478008,,1,,30-478027,,Cond,,5023,,,,sanitary,,,,"{2295844.9646931034512818,145986.616393543954473,2295964.8475623042322695,146057.4327721042209305}",,,2295844.9646931034512818,145986.616393543954473
63,hw_conduit,30-478027,,1,,30-478028,,Cond,,5022,,,,sanitary,,,,"{2295964.8475623042322695,146057.4327721042209305,2296059.1963906241580844,146066.6069777842494659}",,,2295964.8475623042322695,146057.4327721042209305
64,hw_conduit,30-478028,,1,,30-478029,,Cond,,4902,,,,sanitary,,,,"{2296059.1963906241580844,146066.6069777842494659,2296119.4671159046702087,146106.1368555444350932}",,,2296059.1963906241580844,146066.6069777842494659
65,hw_conduit,30-478029,,1,,30-478043,,Cond,,12872,,,,sanitary,,,,"{2296119.4671159046702087,146106.1368555444350932,2296125.1583110243082047,146109.9837363444385119}",,,2296119.4671159046702087,146106.1368555444350932
66,hw_conduit,30-478043,,1,,30-478047,,Cond,,4906,,,,sanitary,,,,"{2296125.1583110243082047,146109.9837363444385119,2296195.7300875848159194,146052.7002339442260563}",,,2296125.1583110243082047,146109.9837363444385119
67,hw_conduit,30-478047,,1,,30-478048,,Cond,,15497,,,,sanitary,,,,"{2296195.7300875848159194,146052.7002339442260563,2296244.3743235450237989,146082.1062101843126584}",,,2296195.7300875848159194,146052.7002339442260563
68,hw_conduit,30-478048,,1,,30-478074,,Cond,,4892,,,,sanitary,,,,"{2296244.3743235450237989,146082.1062101843126584,2296280.9789595054462552,146104.2791605044330936}",,,2296244.3743235450237989,146082.1062101843126584
69,hw_conduit,30-478059,,1,,33-478007,,Cond,,4870,,,,sanitary,,,,"{2296595.239829586353153,146183.6016231447283644,2296708.2384250271134079,146161.1866921046457719}",,,2296595.239829586353153,146183.6016231447283644
70,hw_conduit,30-478060,,1,,30-478059,,Cond,,4856,,,,sanitary,,,,"{2296546.8540335460565984,146191.5658033047802746,2296595.239829586353153,146183.6016231447283644}",,,2296546.8540335460565984,146191.5658033047802746
71,hw_conduit,30-478061,,1,,30-478060,,Cond,,4855,,,,sanitary,,,,"{2296519.3196512260474265,146196.4855191448004916,2296546.8540335460565984,146191.5658033047802746}",,,2296519.3196512260474265,146196.4855191448004916
72,hw_conduit,30-478063,,1,,30-478061,,Cond,,4859,,,,sanitary,,,,"{2296476.8928780658170581,146171.6062801046937238,2296519.3196512260474265,146196.4855191448004916}",,,2296476.8928780658170581,146171.6062801046937238
73,hw_conduit,30-478064,,1,,30-478063,,Cond,,4873,,,,sanitary,,,,"{2296445.2829235061071813,146153.0302136246173177,2296476.8928780658170581,146171.6062801046937238}",,,2296445.2829235061071813,146153.0302136246173177
74,hw_conduit,30-478066,,1,,30-478064,,Cond,,4878,,,,sanitary,,,,"{2296387.3994223056361079,146119.9214050644950476,2296445.2829235061071813,146153.0302136246173177}",,,2296387.3994223056361079,146119.9214050644950476
75,hw_conduit,30-478068,,1,,30-478066,,Cond,,4884,,,,sanitary,,,,"{2296338.9016884653829038,146112.9241724244493525,2296387.3994223056361079,146119.9214050644950476}",,,2296338.9016884653829038,146112.9241724244493525
76,hw_conduit,30-478074,,1,,30-478068,,Cond,,4887,,,,sanitary,,,,"{2296280.9789595054462552,146104.2791605044330936,2296338.9016884653829038,146112.9241724244493525}",,,2296280.9789595054462552,146104.2791605044330936
77,hw_conduit,33-470001,,1,,I33-470901,,Cond,,FM90006,,,,sanitary,,,,"{2296660.7603995865210891,143809.2910961752349976,2296666.1804446266032755,143809.0053461752249859}",,,2296660.7603995865210891,143809.2910961752349976
78,hw_conduit,33-470003,,1,,33-470002,,Cond,,14949,,,,sanitary,,,,"{2296648.1718852669000626,143793.7302332151739392,2296656.5146575067192316,143804.0428668952372391}",,,2296648.1718852669000626,143793.7302332151739392
79,hw_conduit,33-472011,,1,,33-472015,,Cond,,6936,,,,sanitary,,,,"{2296746.8115051072090864,144018.3815187360742129,2296820.6441539875231683,144111.6020079364534467}",,,2296746.8115051072090864,144018.3815187360742129
80,hw_conduit,33-472015,,1,,33-472040,,Cond,,6929,,,,sanitary,,,,"{2296820.6441539875231683,144111.6020079364534467,2296850.6914294273592532,144136.753921056544641}",,,2296820.6441539875231683,144111.6020079364534467
81,hw_conduit,33-472017,,1,,33-472018,,Cond,,6907,,,,sanitary,,,,"{2296986.6553942281752825,144264.8599589770601597,2297012.4816163880750537,144295.3503221771679819}",,,2296986.6553942281752825,144264.8599589770601597
82,hw_conduit,33-472018,,1,,33-472043,,Cond,,17395,,,,sanitary,,,,"{2297012.4816163880750537,144295.3503221771679819,2297044.1644486282020807,144288.2154113771684933}",,,2297012.4816163880750537,144295.3503221771679819
83,hw_conduit,33-472020,,1,,33-472037,,Cond,,17648,,,,sanitary,,,,"{2297033.4265579883940518,144316.1344512972573284,2297070.6869406681507826,144303.0176880972285289}",,,2297033.4265579883940518,144316.1344512972573284
84,hw_conduit,33-472021,,1,,33-472020,,Cond,,6898,,,,sanitary,,,,"{2296987.3535995879210532,144346.1162861773918848,2297033.4265579883940518,144316.1344512972573284}",,,2296987.3535995879210532,144346.1162861773918848
85,hw_conduit,33-472022,,1,,33-472042,,Cond,,6887,,,,sanitary,,,,"{2296948.3578381077386439,144419.5231904176762328,2296975.0330654280260205,144369.1168294574890751}",,,2296948.3578381077386439,144419.5231904176762328
86,hw_conduit,33-472025,,1,,33-472046,,Cond,,17392,,,,sanitary,,,,"{2297131.2100860686041415,144273.9569283371092752,2297143.5248290286399424,144267.1239524170814548}",,,2297131.2100860686041415,144273.9569283371092752
87,hw_conduit,33-472027,,1,,33-472036,,Cond,,16579,,,,sanitary,,,,"{2297277.0683160689659417,144301.3640566572139505,2297388.1148808696307242,144303.3940246572310571}",,,2297277.0683160689659417,144301.3640566572139505
88,hw_conduit,33-472035,,1,,36-472001,,Cond,,16577,,,,sanitary,,,,"{2297517.3004746702499688,144334.4699696173483972,2297616.9525486705824733,144417.2625802576658316}",,,2297517.3004746702499688,144334.4699696173483972
89,hw_conduit,33-472036,,1,,33-472035,,Cond,,16578,,,,sanitary,,,,"{2297388.1148808696307242,144303.3940246572310571,2297517.3004746702499688,144334.4699696173483972}",,,2297388.1148808696307242,144303.3940246572310571
90,hw_conduit,33-472037,,1,,33-472025,,Cond,,22015,,,,sanitary,,,,"{2297070.6869406681507826,144303.0176880972285289,2297131.2100860686041415,144273.9569283371092752}",,,2297070.6869406681507826,144303.0176880972285289
91,hw_conduit,33-472040,,1,,33-472041,,Cond,,6926,,,,sanitary,,,,"{2296850.6914294273592532,144136.753921056544641,2296934.4138629478402436,144171.2485637766949367}",,,2296850.6914294273592532,144136.753921056544641
92,hw_conduit,33-472041,,1,,33-472017,,Cond,,6923,,,,sanitary,,,,"{2296934.4138629478402436,144171.2485637766949367,2296986.6553942281752825,144264.8599589770601597}",,,2296934.4138629478402436,144171.2485637766949367
93,hw_conduit,33-472042,,1,,33-472021,,Cond,,6892,,,,sanitary,,,,"{2296975.0330654280260205,144369.1168294574890751,2296987.3535995879210532,144346.1162861773918848}",,,2296975.0330654280260205,144369.1168294574890751
94,hw_conduit,33-472043,,1,,33-472044,,Cond,,17394,,,,sanitary,,,,"{2297044.1644486282020807,144288.2154113771684933,2297107.0597152686677873,144281.1978790571447462}",,,2297044.1644486282020807,144288.2154113771684933
95,hw_conduit,33-472044,,1,,33-472045,,Cond,,17393,,,,sanitary,,,,"{2297107.0597152686677873,144281.1978790571447462,2297134.6173538286238909,144264.5560428970784415}",,,2297107.0597152686677873,144281.1978790571447462
96,hw_conduit,33-472045,,1,,33-472046,,Cond,,17391,,,,sanitary,,,,"{2297134.6173538286238909,144264.5560428970784415,2297143.5248290286399424,144267.1239524170814548}",,,2297134.6173538286238909,144264.5560428970784415
97,hw_conduit,33-472046,,1,,33-472047,,Cond,,17390,,,,sanitary,,,,"{2297143.5248290286399424,144267.1239524170814548,2297194.9371214285492897,144281.9904809771396685}",,,2297143.5248290286399424,144267.1239524170814548
98,hw_conduit,33-472047,,1,,33-472048,,Cond,,17389,,,,sanitary,,,,"{2297194.9371214285492897,144281.9904809771396685,2297286.7894243891350925,144294.1921736171934754}",,,2297194.9371214285492897,144281.9904809771396685
99,hw_conduit,33-472048,,1,,33-472049,,Cond,,15356,,,,sanitary,,,,"{2297286.7894243891350925,144294.1921736171934754,2297408.7089367099106312,144294.5451624971756246}",,,2297286.7894243891350925,144294.1921736171934754
100,hw_conduit,33-472049,,1,,33-472050,,Cond,,15355,,,,sanitary,,,,"{2297408.7089367099106312,144294.5451624971756246,2297458.1619442296214402,144299.3136670571984723}",,,2297408.7089367099106312,144294.5451624971756246
101,hw_conduit,33-472050,,1,,33-472051,,Cond,,15354,,,,sanitary,,,,"{2297458.1619442296214402,144299.3136670571984723,2297517.943678870331496,144327.6130973773251753}",,,2297458.1619442296214402,144299.3136670571984723
102,hw_conduit,33-472051,,1,,36-472003,,Cond,,15353,,,,sanitary,,,,"{2297517.943678870331496,144327.6130973773251753,2297548.8960274304263294,144345.3247205773950554}",,,2297517.943678870331496,144327.6130973773251753
103,hw_conduit,33-474018,,1,,33-474023,,Cond,,6003,,,,sanitary,,,,"{2296655.6144307069480419,144754.7049228990217671,2296670.4082949468865991,144696.5454862588085234}",,,2296655.6144307069480419,144754.7049228990217671
104,hw_conduit,33-474023,,1,,33-474024,,Cond,,14956,,,,sanitary,,,,"{2296670.4082949468865991,144696.5454862588085234,2296695.3076812666840851,144628.0725624985061586}",,,2296670.4082949468865991,144696.5454862588085234
105,hw_conduit,33-474024,,1,,33-474025,,Cond,,6025,,,,sanitary,,,,"{2296695.3076812666840851,144628.0725624985061586,2296714.0784235070459545,144613.5635643384594005}",,,2296695.3076812666840851,144628.0725624985061586
106,hw_conduit,33-474025,,1,,33-474028,,Cond,,6024,,,,sanitary,,,,"{2296714.0784235070459545,144613.5635643384594005,2296768.6560943871736526,144616.8043198584637139}",,,2296714.0784235070459545,144613.5635643384594005
107,hw_conduit,33-474028,,1,,33-474029,,Cond,,6034,,,,sanitary,,,,"{2296768.6560943871736526,144616.8043198584637139,2296827.1817787075415254,144586.0777366583351977}",,,2296768.6560943871736526,144616.8043198584637139
108,hw_conduit,33-474029,,1,,33-474138,,Cond,,12473,,,,sanitary,,,,"{2296827.1817787075415254,144586.0777366583351977,2296868.5677665476687253,144529.2306164181209169}",,,2296827.1817787075415254,144586.0777366583351977
109,hw_conduit,33-474030,,1,,33-474031,,Cond,,6066,,,,sanitary,,,,"{2296882.808784547727555,144510.3311876180523541,2296895.3201692276634276,144489.9221148979559075}",,,2296882.808784547727555,144510.3311876180523541
110,hw_conduit,33-474031,,1,,33-472022,,Cond,,14664,,,,sanitary,,,,"{2296895.3201692276634276,144489.9221148979559075,2296948.3578381077386439,144419.5231904176762328}",,,2296895.3201692276634276,144489.9221148979559075
111,hw_conduit,33-474084,,1,,33-474123,,Cond,,12479,,,,sanitary,,,,"{2297328.4621680695563555,144722.9463173788972199,2297402.8535458296537399,144648.8583070586028043}",,,2297328.4621680695563555,144722.9463173788972199
112,hw_conduit,33-474123,,1,,33-474124,,Cond,,6164,,,,sanitary,,,,"{2297402.8535458296537399,144648.8583070586028043,2297469.9977549500763416,144576.088282418291783}",,,2297402.8535458296537399,144648.8583070586028043
113,hw_conduit,33-474124,,1,,36-474066,,Cond,,6166,,,,sanitary,,,,"{2297469.9977549500763416,144576.088282418291783,2297543.6443539098836482,144493.5670961779833306}",,,2297469.9977549500763416,144576.088282418291783
114,hw_conduit,33-474138,,1,,33-474030,,Cond,,12475,,,,sanitary,,,,"{2296868.5677665476687253,144529.2306164181209169,2296882.808784547727555,144510.3311876180523541}",,,2296868.5677665476687253,144529.2306164181209169
115,hw_conduit,33-476061,,1,,33-476089,,Cond,,12637,,,,sanitary,,,,"{2297257.5997342290356755,145573.9487098623067141,2297286.7925028689205647,145504.8268669020326342}",,,2297257.5997342290356755,145573.9487098623067141
116,hw_conduit,33-476082,,1,,33-476083,,Cond,,6180,,,,sanitary,,,,"{2297300.9054743894375861,145201.2803264208196197,2297316.0189214292913675,145205.774175700818887}",,,2297300.9054743894375861,145201.2803264208196197
117,hw_conduit,33-476083,,1,,33-476111,,Cond,,6179,,,,sanitary,,,,"{2297316.0189214292913675,145205.774175700818887,2297387.1815527896396816,145130.7332081805216148}",,,2297316.0189214292913675,145205.774175700818887
118,hw_conduit,33-476088,,1,,33-476094,,Cond,,5151,,,,sanitary,,,,"{2297393.192696469835937,145497.6650422620004974,2297457.0696934298612177,145496.229038021992892}",,,2297393.192696469835937,145497.6650422620004974
119,hw_conduit,33-476089,,1,,33-476088,,Cond,,12638,,,,sanitary,,,,"{2297286.7925028689205647,145504.8268669020326342,2297393.192696469835937,145497.6650422620004974}",,,2297286.7925028689205647,145504.8268669020326342
120,hw_conduit,33-476094,,1,,33-476097,,Cond,,5160,,,,sanitary,,,,"{2297457.0696934298612177,145496.229038021992892,2297428.580281269736588,145430.7387041817419231}",,,2297457.0696934298612177,145496.229038021992892
121,hw_conduit,33-476097,,1,,33-476099,,Cond,,5164,,,,sanitary,,,,"{2297428.580281269736588,145430.7387041817419231,2297423.3378736698068678,145397.6857654615887441}",,,2297428.580281269736588,145430.7387041817419231
122,hw_conduit,33-476099,,1,,33-476100,,Cond,,14977,,,,sanitary,,,,"{2297423.3378736698068678,145397.6857654615887441,2297473.0131108700297773,145383.4957709815353155}",,,2297423.3378736698068678,145397.6857654615887441
123,hw_conduit,33-476100,,1,,36-476016,,Cond,,14978,,,,sanitary,,,,"{2297473.0131108700297773,145383.4957709815353155,2297542.0527187902480364,145395.5721603416022845}",,,2297473.0131108700297773,145383.4957709815353155
124,hw_conduit,33-476109,,1,,36-476021,,Cond,,6088,,,,sanitary,,,,"{2297507.4193311100825667,145190.7547899407800287,2297554.1991207101382315,145247.8261820210027508}",,,2297507.4193311100825667,145190.7547899407800287
125,hw_conduit,33-476110,,1,,33-476109,,Cond,,6096,,,,sanitary,,,,"{2297457.9225238296203315,145123.7762396204925608,2297507.4193311100825667,145190.7547899407800287}",,,2297457.9225238296203315,145123.7762396204925608
126,hw_conduit,33-476111,,1,,33-476110,,Cond,,14982,,,,sanitary,,,,"{2297387.1815527896396816,145130.7332081805216148,2297457.9225238296203315,145123.7762396204925608}",,,2297387.1815527896396816,145130.7332081805216148
127,hw_conduit,33-478006,,1,,33-478020,,Cond,,4863,,,,sanitary,,,,"{2296754.875202467199415,146166.3931942646740936,2296802.9359750272706151,146172.1128881846962031}",,,2296754.875202467199415,146166.3931942646740936
128,hw_conduit,33-478007,,1,,33-478006,,Cond,,4868,,,,sanitary,,,,"{2296708.2384250271134079,146161.1866921046457719,2296754.875202467199415,146166.3931942646740936}",,,2296708.2384250271134079,146161.1866921046457719
129,hw_conduit,33-478019,,1,,33-478023,,Cond,,4881,,,,sanitary,,,,"{2296851.1550607075914741,146158.5122702246299013,2296974.1191531079821289,146119.4297321844787803}",,,2296851.1550607075914741,146158.5122702246299013
130,hw_conduit,33-478020,,1,,33-478019,,Cond,,4872,,,,sanitary,,,,"{2296802.9359750272706151,146172.1128881846962031,2296851.1550607075914741,146158.5122702246299013}",,,2296802.9359750272706151,146172.1128881846962031
131,hw_conduit,33-478023,,1,,33-478048,,Cond,,4880,,,,sanitary,,,,"{2296974.1191531079821289,146119.4297321844787803,2297097.2560061486437917,146132.5109252245456446}",,,2296974.1191531079821289,146119.4297321844787803
132,hw_conduit,33-478048,,1,,33-478049,,Cond,,13335,,,,sanitary,,,,"{2297097.2560061486437917,146132.5109252245456446,2297232.5622735088691115,146173.3241329047014005}",,,2297097.2560061486437917,146132.5109252245456446
133,hw_conduit,33-478049,,1,,33-478083,,Cond,,5170,,,,sanitary,,,,"{2297232.5622735088691115,146173.3241329047014005,2297381.672689029481262,146224.2838277849077713}",,,2297232.5622735088691115,146173.3241329047014005
134,hw_conduit,33-478083,,1,,33-478084,,Cond,,5040,,,,sanitary,,,,"{2297381.672689029481262,146224.2838277849077713,2297420.9371469500474632,146234.794581464928342}",,,2297381.672689029481262,146224.2838277849077713
135,hw_conduit,33-478084,,1,,33-478108,,Cond,,5039,,,,sanitary,,,,"{2297420.9371469500474632,146234.794581464928342,2297453.0020612296648324,146243.974669784976868}",,,2297420.9371469500474632,146234.794581464928342
136,hw_conduit,33-478108,,1,,33-478126,,Cond,,5037,,,,sanitary,,,,"{2297453.0020612296648324,146243.974669784976868,2297461.3128447099588811,146246.3795722649956588}",,,2297453.0020612296648324,146243.974669784976868
137,hw_conduit,33-478126,,1,,36-478001,,Cond,,5035,,,,sanitary,,,,"{2297461.3128447099588811,146246.3795722649956588,2297537.4089079103432596,146268.2080985850770958}",,,2297461.3128447099588811,146246.3795722649956588
138,hw_conduit,33-484001,,1,,33-486011,,Cond,,13340,,,,sanitary,,,,"{2296974.9155345479957759,148117.1617793924815487,2296993.4704174278303981,148188.5921470727480482}",,,2296974.9155345479957759,148117.1617793924815487
139,hw_conduit,33-484002,,1,,33-484001,,Cond,,3332,,,,sanitary,,,,"{2296949.6491995081305504,148079.9654809123312589,2296974.9155345479957759,148117.1617793924815487}",,,2296949.6491995081305504,148079.9654809123312589
140,hw_conduit,33-484003,,1,,33-484002,,Cond,,3341,,,,sanitary,,,,"{2296908.8915263880044222,147990.0935549919668119,2296949.6491995081305504,148079.9654809123312589}",,,2296908.8915263880044222,147990.0935549919668119
141,hw_conduit,33-484047,,1,,I33-484000,,Cond,,12406,,,,sanitary,,,,"{2296884.0168593474663794,147938.2198258717544377,2296898.8414169475436211,147970.9709211518929806}",,,2296884.0168593474663794,147938.2198258717544377
142,hw_conduit,33-484048,,1,,33-484047,,Cond,,3351,,,,sanitary,,,,"{2296887.1290807076729834,147911.2021405116538517,2296884.0168593474663794,147938.2198258717544377}",,,2296887.1290807076729834,147911.2021405116538517
143,hw_conduit,33-484049,,1,,33-484086,,Cond,,3365,,,,sanitary,,,,"{2296823.5209173471666873,147817.4744031512818765,2296852.4606105475686491,147860.1175385914393701}",,,2296823.5209173471666873,147817.4744031512818765
144,hw_conduit,33-484086,,1,,33-484048,,Cond,,3361,,,,sanitary,,,,"{2296852.4606105475686491,147860.1175385914393701,2296887.1290807076729834,147911.2021405116538517}",,,2296852.4606105475686491,147860.1175385914393701
145,hw_conduit,33-486007,,1,,33-486008,,Cond,,2807,,,,sanitary,,,,"{2296804.2754795872606337,148247.5558594730100594,2296864.4234923874028027,148258.5285680330416653}",,,2296804.2754795872606337,148247.5558594730100594
146,hw_conduit,33-486008,,1,,33-486009,,Cond,,2809,,,,sanitary,,,,"{2296864.4234923874028027,148258.5285680330416653,2296958.8971667881123722,148237.6769561929395422}",,,2296864.4234923874028027,148258.5285680330416653
147,hw_conduit,33-486009,,1,,33-486014,,Cond,,2808,,,,sanitary,,,,"{2296958.8971667881123722,148237.6769561929395422,2297057.2857533483766019,148288.4284117131610401}",,,2296958.8971667881123722,148237.6769561929395422
148,hw_conduit,33-486011,,1,,33-486074,,Cond,,C22009,,,,sanitary,,,,"{2296993.4704174278303981,148188.5921470727480482,2296994.5432524681091309,148192.7222785127814859}",,,2296993.4704174278303981,148188.5921470727480482
149,hw_conduit,33-486014,,1,,33-486027,,Cond,,2805,,,,sanitary,,,,"{2297057.2857533483766019,148288.4284117131610401,2297160.6260597486980259,148336.0873969133535866}",,,2297057.2857533483766019,148288.4284117131610401
150,hw_conduit,33-486027,,1,,33-486031,,Cond,,14530,,,,sanitary,,,,"{2297160.6260597486980259,148336.0873969133535866,2297264.6700883889570832,148314.1943749132624362}",,,2297160.6260597486980259,148336.0873969133535866
151,hw_conduit,33-486031,,1,,33-486032,,Cond,,2841,,,,sanitary,,,,"{2297264.6700883889570832,148314.1943749132624362,2297366.4842307097278535,148412.5249885136436205}",,,2297264.6700883889570832,148314.1943749132624362
152,hw_conduit,33-486032,,1,,33-486059,,Cond,,14796,,,,sanitary,,,,"{2297366.4842307097278535,148412.5249885136436205,2297377.2331855897791684,148467.9960281938838307}",,,2297366.4842307097278535,148412.5249885136436205
153,hw_conduit,33-486034,,1,,33-486053,,Cond,,2858,,,,sanitary,,,,"{2297396.6361135095357895,148568.1265467542689294,2297409.3138427897356451,148574.5394777942856308}",,,2297396.6361135095357895,148568.1265467542689294
154,hw_conduit,33-486035,,1,,33-486037,,Cond,,2861,,,,sanitary,,,,"{2297434.4877624697983265,148608.1227380344353151,2297459.1635627499781549,148624.4086135145043954}",,,2297434.4877624697983265,148608.1227380344353151
155,hw_conduit,33-486037,,1,,36-486002,,Cond,,2836,,,,sanitary,,,,"{2297459.1635627499781549,148624.4086135145043954,2297560.0320478300563991,148590.74112179435906}",,,2297459.1635627499781549,148624.4086135145043954
156,hw_conduit,33-486043,,1,,33-486071,,Cond,,2810,,,,sanitary,,,,"{2296783.840651267208159,148201.1738643528078683,2296801.7064727870747447,148241.7249135529564228}",,,2296783.840651267208159,148201.1738643528078683
157,hw_conduit,33-486053,,1,,33-486035,,Cond,,2860,,,,sanitary,,,,"{2297409.3138427897356451,148574.5394777942856308,2297434.4877624697983265,148608.1227380344353151}",,,2297409.3138427897356451,148574.5394777942856308
158,hw_conduit,33-486059,,1,,33-486034,,Cond,,14795,,,,sanitary,,,,"{2297377.2331855897791684,148467.9960281938838307,2297396.6361135095357895,148568.1265467542689294}",,,2297377.2331855897791684,148467.9960281938838307
159,hw_conduit,33-486071,CAR,1,,33-486007,CAR,Cond,,160458438,GIS,,,sanitary,,,,"{2296801.7064727870747447,148241.7249135529564228,2296804.1195091851986945,148247.2018005928839557,2296804.2754795872606337,148247.5558594730100594}",,,2296801.7064727870747447,148241.7249135529564228
160,hw_conduit,33-486073,,1,,33-486074,,Cond,,C22006,,,,sanitary,,,,"{2297034.1544813481159508,148191.715646032767836,2296994.5432524681091309,148192.7222785127814859}",,,2297034.1544813481159508,148191.715646032767836
161,hw_conduit,33-486074,,1,,33-486075,,Cond,,C22007,,,,sanitary,,,,"{2296994.5432524681091309,148192.7222785127814859,2296926.2627184675075114,148197.8259411528124474}",,,2296994.5432524681091309,148192.7222785127814859
162,hw_conduit,33-486075,,1,,33-486076,,Cond,,C22010,,,,sanitary,,,,"{2296926.2627184675075114,148197.8259411528124474,2296924.6944919875822961,148202.7449254728271626}",,,2296926.2627184675075114,148197.8259411528124474
163,hw_conduit,33-486076,,1,,33-486009,,Cond,,2811,,,,sanitary,,,,"{2296924.6944919875822961,148202.7449254728271626,2296958.8971667881123722,148237.6769561929395422}",,,2296924.6944919875822961,148202.7449254728271626
164,hw_conduit,33-488081,,1,,33-488083,,Cond,,2228,,,,sanitary,,,,"{2297475.9155383897013962,149312.2323483572690748,2297471.2319206297397614,149214.0809266768628731}",,,2297475.9155383897013962,149312.2323483572690748
165,hw_conduit,33-488083,,1,,33-488087,,Cond,,2235,,,,sanitary,,,,"{2297471.2319206297397614,149214.0809266768628731,2297510.3953983099199831,149066.8855695562670007}",,,2297471.2319206297397614,149214.0809266768628731
166,hw_conduit,33-488087,,1,,36-488001,,Cond,,14528,,,,sanitary,,,,"{2297510.3953983099199831,149066.8855695562670007,2297543.7802337505854666,148938.872983315755846}",,,2297510.3953983099199831,149066.8855695562670007
167,hw_conduit,33-490030,,1,,33-490031,,Cond,,12834,,,,sanitary,,,,"{2297456.1930581498891115,149439.1193386777595151,2297460.2661919896490872,149435.2456354777386878}",,,2297456.1930581498891115,149439.1193386777595151
168,hw_conduit,33-490031,,1,,33-490032,,Cond,,2220,,,,sanitary,,,,"{2297460.2661919896490872,149435.2456354777386878,2297480.7651197500526905,149412.4147438776562922}",,,2297460.2661919896490872,149435.2456354777386878
169,hw_conduit,33-490032,,1,,33-488081,,Cond,,2247,,,,sanitary,,,,"{2297480.7651197500526905,149412.4147438776562922,2297475.9155383897013962,149312.2323483572690748}",,,2297480.7651197500526905,149412.4147438776562922
170,hw_conduit,36-472001,,1,,36-472004,,Cond,,17399,,,,sanitary,,,,"{2297616.9525486705824733,144417.2625802576658316,2297624.0234667104668915,144409.8905960176489316}",,,2297616.9525486705824733,144417.2625802576658316
171,hw_conduit,36-472002,,1,,36-472001,,Cond,,17398,,,,sanitary,,,,"{2297602.857849910389632,144431.7262546577258036,2297616.9525486705824733,144417.2625802576658316}",,,2297602.857849910389632,144431.7262546577258036
172,hw_conduit,36-472003,,1,,36-472004,,Cond,,15352,,,,sanitary,,,,"{2297548.8960274304263294,144345.3247205773950554,2297624.0234667104668915,144409.8905960176489316}",,,2297548.8960274304263294,144345.3247205773950554
173,hw_conduit,36-472004,,1,,36-474083,,Cond,,16575,,,,sanitary,,,,"{2297624.0234667104668915,144409.8905960176489316,2297694.0224935906007886,144462.8612088978406973}",,,2297624.0234667104668915,144409.8905960176489316
174,hw_conduit,36-474018,,1,,36-474029,,Cond,,6147,,,,sanitary,,,,"{2297752.4149193512275815,144804.9100548992282711,2297821.6184487110003829,144830.2040657793113496}",,,2297752.4149193512275815,144804.9100548992282711
175,hw_conduit,36-474028,,1,,36-474035,,Cond,,6139,,,,sanitary,,,,"{2297901.7150119114667177,144859.8063332194287796,2297967.933269111905247,144884.6439670595573261}",,,2297901.7150119114667177,144859.8063332194287796
176,hw_conduit,36-474029,,1,,36-474028,,Cond,,6144,,,,sanitary,,,,"{2297821.6184487110003829,144830.2040657793113496,2297901.7150119114667177,144859.8063332194287796}",,,2297821.6184487110003829,144830.2040657793113496
177,hw_conduit,36-474035,,1,,36-474041,,Cond,,6133,,,,sanitary,,,,"{2297967.933269111905247,144884.6439670595573261,2298037.7015623920597136,144911.3709951396449469}",,,2297967.933269111905247,144884.6439670595573261
178,hw_conduit,36-474041,,1,,36-474042,,Cond,,16586,,,,sanitary,,,,"{2298037.7015623920597136,144911.3709951396449469,2298048.2480691121891141,144882.6590180195344146}",,,2298037.7015623920597136,144911.3709951396449469
179,hw_conduit,36-474042,,1,,36-474094,,Cond,,16582,,,,sanitary,,,,"{2298048.2480691121891141,144882.6590180195344146,2298046.5655426322482526,144880.9311982595245354}",,,2298048.2480691121891141,144882.6590180195344146
180,hw_conduit,36-474049,,1,,36-474051,,Cond,,6129,,,,sanitary,,,,"{2298139.4143282324075699,144934.5499073797254823,2298227.1254050331190228,144984.0095290599565487}",,,2298139.4143282324075699,144934.5499073797254823
181,hw_conduit,36-474051,,1,,36-474055,,Cond,,15062,,,,sanitary,,,,"{2298227.1254050331190228,144984.0095290599565487,2298315.8271885132417083,145033.40873938013101}",,,2298227.1254050331190228,144984.0095290599565487
182,hw_conduit,36-474055,,1,,36-476119,,Cond,,15063,,,,sanitary,,,,"{2298315.8271885132417083,145033.40873938013101,2298407.6767635135911405,145085.2577339803392533}",,,2298315.8271885132417083,145033.40873938013101
183,hw_conduit,36-474066,,1,,36-472002,,Cond,,17397,,,,sanitary,,,,"{2297543.6443539098836482,144493.5670961779833306,2297602.857849910389632,144431.7262546577258036}",,,2297543.6443539098836482,144493.5670961779833306
184,hw_conduit,36-474075,,1,,36-474041,,Cond,,6194,,,,sanitary,,,,"{2298015.0268655521795154,144974.9469106598990038,2298037.7015623920597136,144911.3709951396449469}",,,2298015.0268655521795154,144974.9469106598990038
185,hw_conduit,36-474078,,1,,36-474018,,Cond,,6168,,,,sanitary,,,,"{2297779.0332862311042845,144731.7282454589148983,2297752.4149193512275815,144804.9100548992282711}",,,2297779.0332862311042845,144731.7282454589148983
186,hw_conduit,36-474083,,1,,36-474084,,Cond,,16573,,,,sanitary,,,,"{2297694.0224935906007886,144462.8612088978406973,2297802.6247452711686492,144546.6371957781957462}",,,2297694.0224935906007886,144462.8612088978406973
187,hw_conduit,36-474084,,1,,36-474085,,Cond,,16574,,,,sanitary,,,,"{2297802.6247452711686492,144546.6371957781957462,2297846.9151418311521411,144581.5365519383340143}",,,2297802.6247452711686492,144546.6371957781957462
188,hw_conduit,36-474085,,1,,36-474086,,Cond,,16566,,,,sanitary,,,,"{2297846.9151418311521411,144581.5365519383340143,2297918.8945762314833701,144632.3137020985304844}",,,2297846.9151418311521411,144581.5365519383340143
189,hw_conduit,36-474086,,1,,36-474087,,Cond,,16567,,,,sanitary,,,,"{2297918.8945762314833701,144632.3137020985304844,2297967.7110699117183685,144666.7507680986600462}",,,2297918.8945762314833701,144632.3137020985304844
190,hw_conduit,36-474087,,1,,36-474088,,Cond,,16568,,,,sanitary,,,,"{2297967.7110699117183685,144666.7507680986600462,2297992.2532001519575715,144677.6499284187157173}",,,2297967.7110699117183685,144666.7507680986600462
191,hw_conduit,36-474088,,1,,36-474089,,Cond,,16569,,,,sanitary,,,,"{2297992.2532001519575715,144677.6499284187157173,2298102.7319225524552166,144739.8743607389624231}",,,2297992.2532001519575715,144677.6499284187157173
192,hw_conduit,36-474089,,1,,36-474090,,Cond,,16563,,,,sanitary,,,,"{2298102.7319225524552166,144739.8743607389624231,2298164.876222952734679,144774.8755810591101181}",,,2298102.7319225524552166,144739.8743607389624231
193,hw_conduit,36-474090,,1,,36-474091,,Cond,,16564,,,,sanitary,,,,"{2298164.876222952734679,144774.8755810591101181,2298283.2151277530938387,144841.7770474593853578}",,,2298164.876222952734679,144774.8755810591101181
194,hw_conduit,36-474091,,1,,36-474092,,Cond,,16565,,,,sanitary,,,,"{2298283.2151277530938387,144841.7770474593853578,2298402.6153461537323892,144909.2785126596281771}",,,2298283.2151277530938387,144841.7770474593853578
195,hw_conduit,36-474092,,1,,39-474006,,Cond,,16557,,,,sanitary,,,,"{2298402.6153461537323892,144909.2785126596281771,2298470.4741893541067839,144948.4107483398111071}",,,2298402.6153461537323892,144909.2785126596281771
196,hw_conduit,36-474093,,1,,36-474049,,Cond,,16581,,,,sanitary,,,,"{2298054.8889600723050535,144886.438964739558287,2298139.4143282324075699,144934.5499073797254823}",,,2298054.8889600723050535,144886.438964739558287
197,hw_conduit,36-474094,,1,,36-474095,,Cond,,16583,,,,sanitary,,,,"{2298046.5655426322482526,144880.9311982595245354,2298061.6272955923341215,144843.1049696193949785}",,,2298046.5655426322482526,144880.9311982595245354
198,hw_conduit,36-474095,,1,,36-474096,,Cond,,16584,,,,sanitary,,,,"{2298061.6272955923341215,144843.1049696193949785,2298084.9677975522354245,144784.4873576191603206}",,,2298061.6272955923341215,144843.1049696193949785
199,hw_conduit,36-474096,,1,,36-474089,,Cond,,16653,,,,sanitary,,,,"{2298084.9677975522354245,144784.4873576191603206,2298102.7319225524552166,144739.8743607389624231}",,,2298084.9677975522354245,144784.4873576191603206
200,hw_conduit,36-476014,,1,,36-476018,,Cond,,12641,,,,sanitary,,,,"{2297597.0648668305948377,145413.3633363416593056,2297589.728772790171206,145335.6583558613492642}",,,2297597.0648668305948377,145413.3633363416593056
201,hw_conduit,36-476016,,1,,36-476017,,Cond,,12154,,,,sanitary,,,,"{2297542.0527187902480364,145395.5721603416022845,2297545.7732904702425003,145396.9282460215908941}",,,2297542.0527187902480364,145395.5721603416022845
202,hw_conduit,36-476017,,1,,36-476014,,Cond,,15070,,,,sanitary,,,,"{2297545.7732904702425003,145396.9282460215908941,2297597.0648668305948377,145413.3633363416593056}",,,2297545.7732904702425003,145396.9282460215908941
203,hw_conduit,36-476018,,1,,36-476019,,Cond,,15071,,,,sanitary,,,,"{2297589.728772790171206,145335.6583558613492642,2297577.6521091102622449,145272.3911113011126872}",,,2297589.728772790171206,145335.6583558613492642
204,hw_conduit,36-476019,,1,,36-476026,,Cond,,6077,,,,sanitary,,,,"{2297577.6521091102622449,145272.3911113011126872,2297590.8977722306735814,145261.2087308210611809}",,,2297577.6521091102622449,145272.3911113011126872
205,hw_conduit,36-476020,,1,,36-476026,,Cond,,6079,,,,sanitary,,,,"{2297581.9716432704590261,145257.454722581023816,2297590.8977722306735814,145261.2087308210611809}",,,2297581.9716432704590261,145257.454722581023816
206,hw_conduit,36-476021,,1,,36-476020,,Cond,,6082,,,,sanitary,,,,"{2297554.1991207101382315,145247.8261820210027508,2297581.9716432704590261,145257.454722581023816}",,,2297554.1991207101382315,145247.8261820210027508
207,hw_conduit,36-476026,,1,,36-476027,,Cond,,6076,,,,sanitary,,,,"{2297590.8977722306735814,145261.2087308210611809,2297677.6301209907978773,145296.2403701811854262}",,,2297590.8977722306735814,145261.2087308210611809
208,hw_conduit,36-476027,,1,,36-476038,,Cond,,6070,,,,sanitary,,,,"{2297677.6301209907978773,145296.2403701811854262,2297773.8910359111614525,145331.751764741318766}",,,2297677.6301209907978773,145296.2403701811854262
209,hw_conduit,36-476036,,1,,36-476056,,Cond,,13067,,,,sanitary,,,,"{2297892.4011621116660535,145367.3369818614737596,2297964.953178551979363,145408.5682227416255046}",,,2297892.4011621116660535,145367.3369818614737596
210,hw_conduit,36-476037,,1,,36-476036,,Cond,,6186,,,,sanitary,,,,"{2297867.4107472714968026,145362.0843025014619343,2297892.4011621116660535,145367.3369818614737596}",,,2297867.4107472714968026,145362.0843025014619343
211,hw_conduit,36-476038,,1,,36-476037,,Cond,,6185,,,,sanitary,,,,"{2297773.8910359111614525,145331.751764741318766,2297867.4107472714968026,145362.0843025014619343}",,,2297773.8910359111614525,145331.751764741318766
212,hw_conduit,36-476056,,1,,36-476068,,Cond,,5187,,,,sanitary,,,,"{2297964.953178551979363,145408.5682227416255046,2298051.524821512401104,145456.0728267418162432}",,,2297964.953178551979363,145408.5682227416255046
213,hw_conduit,36-476057,,1,,36-476064,,Cond,,13173,,,,sanitary,,,,"{2297948.510742552112788,145579.0613945823279209,2298001.0777087919414043,145585.9495393023535144}",,,2297948.510742552112788,145579.0613945823279209
214,hw_conduit,36-476063,,1,,36-476064,,Cond,,13174,,,,sanitary,,,,"{2298031.1901504718698561,145604.6994941824232228,2298001.0777087919414043,145585.9495393023535144}",,,2298031.1901504718698561,145604.6994941824232228
215,hw_conduit,36-476064,,1,,36-476065,,Cond,,17621,,,,sanitary,,,,"{2298001.0777087919414043,145585.9495393023535144,2298014.4330694321542978,145557.8486861822311766}",,,2298001.0777087919414043,145585.9495393023535144
216,hw_conduit,36-476065,,1,,36-476066,,Cond,,5189,,,,sanitary,,,,"{2298014.4330694321542978,145557.8486861822311766,2298074.6342393523082137,145593.873668742395239}",,,2298014.4330694321542978,145557.8486861822311766
217,hw_conduit,36-476066,,1,,36-476112,,Cond,,5188,,,,sanitary,,,,"{2298074.6342393523082137,145593.873668742395239,2298083.3928197524510324,145577.9364387422974687}",,,2298074.6342393523082137,145593.873668742395239
218,hw_conduit,36-476067,,1,,36-476090,,Cond,,5149,,,,sanitary,,,,"{2298141.9028983125463128,145508.0637209820270073,2298227.6970574329607189,145557.4352554622164462}",,,2298141.9028983125463128,145508.0637209820270073
219,hw_conduit,36-476068,,1,,36-476067,,Cond,,5156,,,,sanitary,,,,"{2298051.524821512401104,145456.0728267418162432,2298141.9028983125463128,145508.0637209820270073}",,,2298051.524821512401104,145456.0728267418162432
220,hw_conduit,36-476090,,1,,36-476091,,Cond,,5146,,,,sanitary,,,,"{2298227.6970574329607189,145557.4352554622164462,2298214.4311860729940236,145591.3788197823741939}",,,2298227.6970574329607189,145557.4352554622164462
221,hw_conduit,36-476091,,1,,36-476093,,Cond,,5141,,,,sanitary,,,,"{2298214.4311860729940236,145591.3788197823741939,2298315.2164759933948517,145620.5346771424810868}",,,2298214.4311860729940236,145591.3788197823741939
222,hw_conduit,36-476093,,1,,36-476094,,Cond,,5136,,,,sanitary,,,,"{2298315.2164759933948517,145620.5346771424810868,2298420.7952031139284372,145650.6013378626084886}",,,2298315.2164759933948517,145620.5346771424810868
223,hw_conduit,36-476094,,1,,39-476038,,Cond,,5133,,,,sanitary,,,,"{2298420.7952031139284372,145650.6013378626084886,2298515.453525354154408,145677.3283354627201334}",,,2298420.7952031139284372,145650.6013378626084886
224,hw_conduit,36-476095,,1,,39-476001,,Cond,,5183,,,,sanitary,,,,"{2298418.8973354338668287,145642.3860329825838562,2298452.532167833764106,145553.4395103422284592}",,,2298418.8973354338668287,145642.3860329825838562
225,hw_conduit,36-476102,,1,,36-476119,,Cond,,6209,,,,sanitary,,,,"{2298375.0577990333549678,145178.3502833807142451,2298407.6767635135911405,145085.2577339803392533}",,,2298375.0577990333549678,145178.3502833807142451
226,hw_conduit,36-476112,,1,,36-476067,,Cond,,5191,,,,sanitary,,,,"{2298083.3928197524510324,145577.9364387422974687,2298141.9028983125463128,145508.0637209820270073}",,,2298083.3928197524510324,145577.9364387422974687
227,hw_conduit,36-476119,,1,,I36-474401,,Cond,,6204,,,,sanitary,,,,"{2298407.6767635135911405,145085.2577339803392533,2298422.8958237539045513,145044.8021024201880209}",,,2298407.6767635135911405,145085.2577339803392533
228,hw_conduit,36-478001,,1,,36-480007,,Cond,,12323,,,,sanitary,,,,"{2297537.4089079103432596,146268.2080985850770958,2297588.8327827104367316,146368.6199475454923231}",,,2297537.4089079103432596,146268.2080985850770958
229,hw_conduit,36-478099,,1,,36-478100,,Cond,,15094,,,,sanitary,,,,"{2298241.4766082330606878,145815.2324132232752163,2298357.8404090334661305,145811.9726534232613631}",,,2298241.4766082330606878,145815.2324132232752163
230,hw_conduit,36-478100,,1,,36-478101,,Cond,,5174,,,,sanitary,,,,"{2298357.8404090334661305,145811.9726534232613631,2298384.3886719136498868,145811.8074061032384634}",,,2298357.8404090334661305,145811.9726534232613631
231,hw_conduit,36-478101,,1,,39-478011,,Cond,,12631,,,,sanitary,,,,"{2298384.3886719136498868,145811.8074061032384634,2298459.7385542336851358,145809.0962101032491773}",,,2298384.3886719136498868,145811.8074061032384634
232,hw_conduit,36-480001,,1,,36-480024,,Cond,,4116,,,,sanitary,,,,"{2298039.9134959923103452,146832.2852432273211889,2298077.5265322723425925,146830.7802017873327713}",,,2298039.9134959923103452,146832.2852432273211889
233,hw_conduit,36-480002,,1,,36-480001,,Cond,,4127,,,,sanitary,,,,"{2297944.523958551697433,146734.3278572269482538,2298039.9134959923103452,146832.2852432273211889}",,,2297944.523958551697433,146734.3278572269482538
234,hw_conduit,36-480003,,1,,36-480002,,Cond,,4148,,,,sanitary,,,,"{2297849.1344211115501821,146629.3814986665092874,2297944.523958551697433,146734.3278572269482538}",,,2297849.1344211115501821,146629.3814986665092874
235,hw_conduit,36-480004,,1,,36-480063,,Cond,,C4170,,,,sanitary,,,,"{2297881.5668175118044019,146528.7449816261359956,2297883.597181751858443,146554.4199925062130205}",,,2297881.5668175118044019,146528.7449816261359956
236,hw_conduit,36-480005,,1,,36-480004,,Cond,,4189,,,,sanitary,,,,"{2297798.4645300712436438,146427.0406587457109708,2297881.5668175118044019,146528.7449816261359956}",,,2297798.4645300712436438,146427.0406587457109708
237,hw_conduit,36-480006,,1,,36-480005,,Cond,,4190,,,,sanitary,,,,"{2297645.6074519907124341,146479.7690165859239642,2297798.4645300712436438,146427.0406587457109708}",,,2297645.6074519907124341,146479.7690165859239642
238,hw_conduit,36-480007,,1,,36-480006,,Cond,,4203,,,,sanitary,,,,"{2297588.8327827104367316,146368.6199475454923231,2297645.6074519907124341,146479.7690165859239642}",,,2297588.8327827104367316,146368.6199475454923231
239,hw_conduit,36-480024,,1,,36-480026,,Cond,,4118,,,,sanitary,,,,"{2298077.5265322723425925,146830.7802017873327713,2298122.4928685524500906,146829.6954795473138802}",,,2298077.5265322723425925,146830.7802017873327713
240,hw_conduit,36-480025,,1,,36-482015,,Cond,,4114,,,,sanitary,,,,"{2298119.6521325525827706,146876.1477310674963519,2298115.5293467924930155,147025.2629319481202401}",,,2298119.6521325525827706,146876.1477310674963519
241,hw_conduit,36-480026,,1,,36-480025,,Cond,,4117,,,,sanitary,,,,"{2298122.4928685524500906,146829.6954795473138802,2298119.6521325525827706,146876.1477310674963519}",,,2298122.4928685524500906,146829.6954795473138802
242,hw_conduit,36-480063,,1,,36-480003,,Cond,,17568,,,,sanitary,,,,"{2297883.597181751858443,146554.4199925062130205,2297849.1344211115501821,146629.3814986665092874}",,,2297883.597181751858443,146554.4199925062130205
243,hw_conduit,36-482003,,1,,36-482046,,Cond,,3487,,,,sanitary,,,,"{2297717.3874252708628774,147320.5115057892980985,2297726.3874072711914778,147319.4548861092771403}",,,2297717.3874252708628774,147320.5115057892980985
244,hw_conduit,36-482004,,1,,36-482003,,Cond,,3485,,,,sanitary,,,,"{2297613.0351523905992508,147343.2800353093771264,2297717.3874252708628774,147320.5115057892980985}",,,2297613.0351523905992508,147343.2800353093771264
245,hw_conduit,36-482008,,1,,36-482009,,Cond,,3488,,,,sanitary,,,,"{2297794.5839688712731004,147311.4483082692313474,2297816.4355685515329242,147333.0902969893359113}",,,2297794.5839688712731004,147311.4483082692313474
246,hw_conduit,36-482009,,1,,36-482010,,Cond,,3480,,,,sanitary,,,,"{2297816.4355685515329242,147333.0902969893359113,2297891.6164087918587029,147346.9514122694090474}",,,2297816.4355685515329242,147333.0902969893359113
247,hw_conduit,36-482010,,1,,36-482011,,Cond,,3483,,,,sanitary,,,,"{2297891.6164087918587029,147346.9514122694090474,2297968.7902752719819546,147321.6790421892947052}",,,2297891.6164087918587029,147346.9514122694090474
248,hw_conduit,36-482011,,1,,36-482019,,Cond,,3496,,,,sanitary,,,,"{2297968.7902752719819546,147321.6790421892947052,2298075.5987179921939969,147260.2330385890381876}",,,2297968.7902752719819546,147321.6790421892947052
249,hw_conduit,36-482015,,1,,36-482016,,Cond,,4098,,,,sanitary,,,,"{2298115.5293467924930155,147025.2629319481202401,2298117.4047507126815617,147088.9804575483722147}",,,2298115.5293467924930155,147025.2629319481202401
250,hw_conduit,36-482016,,1,,36-482017,,Cond,,4090,,,,sanitary,,,,"{2298117.4047507126815617,147088.9804575483722147,2298120.9707278325222433,147200.8890577088168357}",,,2298117.4047507126815617,147088.9804575483722147
251,hw_conduit,36-482017,,1,,36-482018,,Cond,,14381,,,,sanitary,,,,"{2298120.9707278325222433,147200.8890577088168357,2298142.7058024727739394,147207.5203322288289201}",,,2298120.9707278325222433,147200.8890577088168357
252,hw_conduit,36-482018,,1,,36-482021,,Cond,,3504,,,,sanitary,,,,"{2298142.7058024727739394,147207.5203322288289201,2298177.6710563926026225,147275.5228733890980948}",,,2298142.7058024727739394,147207.5203322288289201
253,hw_conduit,36-482019,,1,,36-482020,,Cond,,3498,,,,sanitary,,,,"{2298075.5987179921939969,147260.2330385890381876,2298118.5040728724561632,147257.6564422690425999}",,,2298075.5987179921939969,147260.2330385890381876
254,hw_conduit,36-482020,,1,,36-482021,,Cond,,3497,,,,sanitary,,,,"{2298118.5040728724561632,147257.6564422690425999,2298177.6710563926026225,147275.5228733890980948}",,,2298118.5040728724561632,147257.6564422690425999
255,hw_conduit,36-482021,,1,,36-482055,,Cond,,3492,,,,sanitary,,,,"{2298177.6710563926026225,147275.5228733890980948,2298182.0826096730306745,147284.3400058691331651}",,,2298177.6710563926026225,147275.5228733890980948
256,hw_conduit,36-482022,,1,,36-482023,,Cond,,3476,,,,sanitary,,,,"{2298214.0495764729566872,147348.2307493094122037,2298193.0448331125080585,147455.9800486698222812}",,,2298214.0495764729566872,147348.2307493094122037
257,hw_conduit,36-482023,,1,,36-484041,,Cond,,3464,,,,sanitary,,,,"{2298193.0448331125080585,147455.9800486698222812,2298220.1646569529548287,147517.7080227500700857}",,,2298193.0448331125080585,147455.9800486698222812
258,hw_conduit,36-482046,,1,,36-482008,,Cond,,3489,,,,sanitary,,,,"{2297726.3874072711914778,147319.4548861092771403,2297794.5839688712731004,147311.4483082692313474}",,,2297726.3874072711914778,147319.4548861092771403
259,hw_conduit,36-482055,,1,,36-482022,,Cond,,22269,,,,sanitary,,,,"{2298182.0826096730306745,147284.3400058691331651,2298214.0495764729566872,147348.2307493094122037}",,,2298182.0826096730306745,147284.3400058691331651
260,hw_conduit,36-484016,,1,,36-484022,,Cond,,3409,,,,sanitary,,,,"{2297733.5358816711232066,147822.7377200312912464,2297772.508585031144321,147822.5304865112993866}",,,2297733.5358816711232066,147822.7377200312912464
261,hw_conduit,36-484021,,1,,36-484028,,Cond,,3411,,,,sanitary,,,,"{2297847.9430188713595271,147821.4075728312891442,2297912.7892188718542457,147820.9085847512760665}",,,2297847.9430188713595271,147821.4075728312891442
262,hw_conduit,36-484022,,1,,36-484021,,Cond,,17570,,,,sanitary,,,,"{2297772.508585031144321,147822.5304865112993866,2297847.9430188713595271,147821.4075728312891442}",,,2297772.508585031144321,147822.5304865112993866
263,hw_conduit,36-484028,,1,,36-484029,,Cond,,3413,,,,sanitary,,,,"{2297912.7892188718542457,147820.9085847512760665,2298093.5594237525947392,147812.2714671512658242}",,,2297912.7892188718542457,147820.9085847512760665
264,hw_conduit,36-484029,,1,,36-484032,,Cond,,3412,,,,sanitary,,,,"{2298093.5594237525947392,147812.2714671512658242,2298197.0331106325611472,147837.9673720713471994}",,,2298093.5594237525947392,147812.2714671512658242
265,hw_conduit,36-484032,,1,,36-484035,,Cond,,3406,,,,sanitary,,,,"{2298197.0331106325611472,147837.9673720713471994,2298336.5304084732197225,147874.6169660315208603}",,,2298197.0331106325611472,147837.9673720713471994
266,hw_conduit,36-484033,,1,,36-486018,,Cond,,12411,,,,sanitary,,,,"{2298195.2667336729355156,148049.9749897122092079,2298108.4179360726848245,148119.0112143524747808}",,,2298195.2667336729355156,148049.9749897122092079
267,hw_conduit,36-484034,,1,,36-484033,,Cond,,3392,,,,sanitary,,,,"{2298283.5371184730902314,147980.9637739119352773,2298195.2667336729355156,148049.9749897122092079}",,,2298283.5371184730902314,147980.9637739119352773
268,hw_conduit,36-484035,,1,,36-484036,,Cond,,3403,,,,sanitary,,,,"{2298336.5304084732197225,147874.6169660315208603,2298402.1386389536783099,147892.0071471515693702}",,,2298336.5304084732197225,147874.6169660315208603
269,hw_conduit,36-484036,,1,,36-484034,,Cond,,3401,,,,sanitary,,,,"{2298402.1386389536783099,147892.0071471515693702,2298283.5371184730902314,147980.9637739119352773}",,,2298402.1386389536783099,147892.0071471515693702
270,hw_conduit,36-484037,,1,,36-484059,,Cond,,17624,,,,sanitary,,,,"{2298354.025166473351419,147753.9482005110185128,2298396.5980759933590889,147876.108748671511421}",,,2298354.025166473351419,147753.9482005110185128
271,hw_conduit,36-484038,,1,,36-484037,,Cond,,3423,,,,sanitary,,,,"{2298343.1511216731742024,147720.5047215508820955,2298354.025166473351419,147753.9482005110185128}",,,2298343.1511216731742024,147720.5047215508820955
272,hw_conduit,36-484039,,1,,36-484038,,Cond,,3442,,,,sanitary,,,,"{2298335.3725037532858551,147608.8764154704404064,2298343.1511216731742024,147720.5047215508820955}",,,2298335.3725037532858551,147608.8764154704404064
273,hw_conduit,36-484040,,1,,36-484039,,Cond,,17572,,,,sanitary,,,,"{2298264.6215047929435968,147552.8884349902218673,2298335.3725037532858551,147608.8764154704404064}",,,2298264.6215047929435968,147552.8884349902218673
274,hw_conduit,36-484041,,1,,36-484040,,Cond,,3513,,,,sanitary,,,,"{2298220.1646569529548287,147517.7080227500700857,2298264.6215047929435968,147552.8884349902218673}",,,2298220.1646569529548287,147517.7080227500700857
275,hw_conduit,36-484056,,1,,36-484057,,Cond,,3402,,,,sanitary,,,,"{2298409.779609193559736,147877.4538005915237591,2298406.4268091935664415,147896.4752255915955175}",,,2298409.779609193559736,147877.4538005915237591
276,hw_conduit,36-484057,,1,,36-484058,,Cond,,3400,,,,sanitary,,,,"{2298406.4268091935664415,147896.4752255915955175,2298256.4652091930620372,148008.9273755920294207}",,,2298406.4268091935664415,147896.4752255915955175
277,hw_conduit,36-484058,,1,,36-486024,,Cond,,15098,,,,sanitary,,,,"{2298256.4652091930620372,148008.9273755920294207,2298112.9044091925024986,148119.6269255924853496}",,,2298256.4652091930620372,148008.9273755920294207
278,hw_conduit,36-484059,,1,,36-484036,,Cond,,17625,,,,sanitary,,,,"{2298396.5980759933590889,147876.108748671511421,2298402.1386389536783099,147892.0071471515693702}",,,2298396.5980759933590889,147876.108748671511421
279,hw_conduit,36-486001,,1,,36-486008,,Cond,,2834,,,,sanitary,,,,"{2297635.5077363504096866,148668.5966125146660488,2297751.8917911113239825,148615.2646897144732065}",,,2297635.5077363504096866,148668.5966125146660488
280,hw_conduit,36-486002,,1,,36-486019,,Cond,,2835,,,,sanitary,,,,"{2297560.0320478300563991,148590.74112179435906,2297596.2356127104721963,148687.5651394747546874}",,,2297560.0320478300563991,148590.74112179435906
281,hw_conduit,36-486008,,1,,36-486009,,Cond,,2837,,,,sanitary,,,,"{2297751.8917911113239825,148615.2646897144732065,2297897.3770983116701245,148547.9922817141923588}",,,2297751.8917911113239825,148615.2646897144732065
282,hw_conduit,36-486009,,1,,36-486010,,Cond,,2838,,,,sanitary,,,,"{2297897.3770983116701245,148547.9922817141923588,2298013.8695094720460474,148494.5794345139875077}",,,2297897.3770983116701245,148547.9922817141923588
283,hw_conduit,36-486010,,1,,36-486015,,Cond,,12400,,,,sanitary,,,,"{2298013.8695094720460474,148494.5794345139875077,2298063.6565320719964802,148472.1376201138773467}",,,2298013.8695094720460474,148494.5794345139875077
284,hw_conduit,36-486011,,1,,36-486023,,Cond,,12080,,,,sanitary,,,,"{2298069.880822392180562,148471.2484270739078056,2298074.1734122321940958,148470.7185932338761631}",,,2298069.880822392180562,148471.2484270739078056
285,hw_conduit,36-486015,,1,,36-486011,,Cond,,12079,,,,sanitary,,,,"{2298063.6565320719964802,148472.1376201138773467,2298069.880822392180562,148471.2484270739078056}",,,2298063.6565320719964802,148472.1376201138773467
286,hw_conduit,36-486016,,1,,36-486027,,Cond,,2855,,,,sanitary,,,,"{2298078.4620091924443841,148350.6843755934096407,2298064.3234344720840454,148464.5795554738433566}",,,2298078.4620091924443841,148350.6843755934096407
287,hw_conduit,36-486017,,1,,36-486016,,Cond,,2845,,,,sanitary,,,,"{2298097.3822253523394465,148199.6160010728053749,2298078.4620091924443841,148350.6843755934096407}",,,2298097.3822253523394465,148199.6160010728053749
288,hw_conduit,36-486018,,1,,36-486017,,Cond,,2847,,,,sanitary,,,,"{2298108.4179360726848245,148119.0112143524747808,2298097.3822253523394465,148199.6160010728053749}",,,2298108.4179360726848245,148119.0112143524747808
289,hw_conduit,36-486019,,1,,36-486001,,Cond,,2833,,,,sanitary,,,,"{2297596.2356127104721963,148687.5651394747546874,2297635.5077363504096866,148668.5966125146660488}",,,2297596.2356127104721963,148687.5651394747546874
290,hw_conduit,36-486023,,1,,36-486028,,Cond,,21970,,,,sanitary,,,,"{2298074.1734122321940958,148470.7185932338761631,2298039.0022811521776021,148451.3434935538098216}",,,2298074.1734122321940958,148470.7185932338761631
291,hw_conduit,36-486024,,1,,36-486025,,Cond,,2846,,,,sanitary,,,,"{2298112.9044091925024986,148119.6269255924853496,2298083.3388091921806335,148348.4650505933968816}",,,2298112.9044091925024986,148119.6269255924853496
292,hw_conduit,36-486025,,1,,36-486026,,Cond,,2839,,,,sanitary,,,,"{2298083.3388091921806335,148348.4650505933968816,2298069.4601679123006761,148458.2953414738294668}",,,2298083.3388091921806335,148348.4650505933968816
293,hw_conduit,36-486026,,1,,36-486027,,Cond,,2856,,,,sanitary,,,,"{2298069.4601679123006761,148458.2953414738294668,2298064.3234344720840454,148464.5795554738433566}",,,2298069.4601679123006761,148458.2953414738294668
294,hw_conduit,36-486027,,1,,36-486011,,Cond,,2857,,,,sanitary,,,,"{2298064.3234344720840454,148464.5795554738433566,2298069.880822392180562,148471.2484270739078056}",,,2298064.3234344720840454,148464.5795554738433566
295,hw_conduit,36-488001,,1,,36-488002,,Cond,,2827,,,,sanitary,,,,"{2297543.7802337505854666,148938.872983315755846,2297577.4561227103695273,148797.0360711551911663}",,,2297543.7802337505854666,148938.872983315755846
296,hw_conduit,36-488002,,1,,36-488003,,Cond,,2828,,,,sanitary,,,,"{2297577.4561227103695273,148797.0360711551911663,2297596.5066713504493237,148769.6534182750910986}",,,2297577.4561227103695273,148797.0360711551911663
297,hw_conduit,36-488003,,1,,36-486019,,Cond,,2832,,,,sanitary,,,,"{2297596.5066713504493237,148769.6534182750910986,2297596.2356127104721963,148687.5651394747546874}",,,2297596.5066713504493237,148769.6534182750910986
298,hw_conduit,39-474004,,1,,39-474005,,Cond,,16555,,,,sanitary,,,,"{2298442.7416260736063123,144992.1875264199625235,2298458.7725515938363969,144950.3040744998143055}",,,2298442.7416260736063123,144992.1875264199625235
299,hw_conduit,39-474005,,1,,39-474006,,Cond,,16558,,,,sanitary,,,,"{2298458.7725515938363969,144950.3040744998143055,2298470.4741893541067839,144948.4107483398111071}",,,2298458.7725515938363969,144950.3040744998143055
300,hw_conduit,39-474006,,1,,39-474007,,Cond,,18756,,,,sanitary,,,,"{2298470.4741893541067839,144948.4107483398111071,2298572.7830525543540716,145007.1209890600293875}",,,2298470.4741893541067839,144948.4107483398111071
301,hw_conduit,39-474007,,1,,39-474009,,Cond,,17579,,,,sanitary,,,,"{2298572.7830525543540716,145007.1209890600293875,2298678.8350121546536684,145067.8814060202857945}",,,2298572.7830525543540716,145007.1209890600293875
302,hw_conduit,39-474009,,1,,5131,CAR,Cond,,15351,,,,sanitary,,,,"{2298678.8350121546536684,145067.8814060202857945,2298742.1531516001559794,145105.9842005755926948}",,,2298678.8350121546536684,145067.8814060202857945
303,hw_conduit,39-476001,,1,,39-476002,,Cond,,14903,,,,sanitary,,,,"{2298452.532167833764106,145553.4395103422284592,2298456.0291382339783013,145545.7523933821939863}",,,2298452.532167833764106,145553.4395103422284592
304,hw_conduit,39-476002,,1,,39-476003,,Cond,,5155,,,,sanitary,,,,"{2298456.0291382339783013,145545.7523933821939863,2298481.4892955939285457,145480.0345263419148978}",,,2298456.0291382339783013,145545.7523933821939863
305,hw_conduit,39-476003,,1,,39-476004,,Cond,,5184,,,,sanitary,,,,"{2298481.4892955939285457,145480.0345263419148978,2298509.6271514343097806,145407.5253495416254736}",,,2298481.4892955939285457,145480.0345263419148978
306,hw_conduit,39-476004,,1,,39-476005,,Cond,,14760,,,,sanitary,,,,"{2298509.6271514343097806,145407.5253495416254736,2298534.4181813541799784,145336.7616404213476926}",,,2298509.6271514343097806,145407.5253495416254736
307,hw_conduit,39-476005,,1,,39-476006,,Cond,,6075,,,,sanitary,,,,"{2298534.4181813541799784,145336.7616404213476926,2298560.7471406343393028,145264.9697799410787411}",,,2298534.4181813541799784,145336.7616404213476926
308,hw_conduit,39-476006,,1,,39-476009,,Cond,,12185,,,,sanitary,,,,"{2298560.7471406343393028,145264.9697799410787411,2298563.5883185942657292,145260.9829959410417359}",,,2298560.7471406343393028,145264.9697799410787411
309,hw_conduit,39-476008,,1,,39-476009,,Cond,,15184,,,,sanitary,,,,"{2298483.5722987940534949,145226.2026032209105324,2298563.5883185942657292,145260.9829959410417359}",,,2298483.5722987940534949,145226.2026032209105324
310,hw_conduit,39-476009,,1,,39-476016,,Cond,,6078,,,,sanitary,,,,"{2298563.5883185942657292,145260.9829959410417359,2298652.7173859546892345,145294.2894063411804382}",,,2298563.5883185942657292,145260.9829959410417359
311,hw_conduit,39-476010,,1,,39-476009,,Cond,,6087,,,,sanitary,,,,"{2298595.4421283942647278,145191.5218191407620907,2298563.5883185942657292,145260.9829959410417359}",,,2298595.4421283942647278,145191.5218191407620907
312,hw_conduit,39-476013,,1,,4647,CAR,Cond,,6102,,,,sanitary,,,,"{2298622.3738296744413674,145094.3845585004019085,2298718.2975515965372324,145149.7815005705924705}",,,2298622.3738296744413674,145094.3845585004019085
313,hw_conduit,39-476016,,1,,39-476022,,Cond,,6071,,,,sanitary,,,,"{2298652.7173859546892345,145294.2894063411804382,2298736.8946572751738131,145325.6860618613136467}",,,2298652.7173859546892345,145294.2894063411804382
314,hw_conduit,39-476018,,1,,39-476019,,Cond,,5140,,,,sanitary,,,,"{2298714.302119274623692,145651.1937166626157705,2298733.4270086348988116,145597.2678605823894031}",,,2298714.302119274623692,145651.1937166626157705
315,hw_conduit,39-476019,,1,,39-476020,,Cond,,11867,,,,sanitary,,,,"{2298733.4270086348988116,145597.2678605823894031,2298763.3531870348379016,145527.8066837821097579}",,,2298733.4270086348988116,145597.2678605823894031
316,hw_conduit,39-476020,,1,,39-476064,,Cond,,5276,,,,sanitary,,,,"{2298763.3531870348379016,145527.8066837821097579,2298769.7328034350648522,145510.658544342033565}",,,2298763.3531870348379016,145527.8066837821097579
317,hw_conduit,39-476021,,1,,39-476040,,Cond,,5290,,,,sanitary,,,,"{2298780.6099876752123237,145481.4210310619382653,2298808.6514352755621076,145410.1739396216289606}",,,2298780.6099876752123237,145481.4210310619382653
318,hw_conduit,39-476022,,1,,39-476023,,Cond,,14345,,,,sanitary,,,,"{2298736.8946572751738131,145325.6860618613136467,2298826.5821182350628078,145360.5640820214466657}",,,2298736.8946572751738131,145325.6860618613136467
319,hw_conduit,39-476023,,1,,39-476024,,Cond,,6217,,,,sanitary,,,,"{2298826.5821182350628078,145360.5640820214466657,2298852.2506978353485465,145317.4574067412759177}",,,2298826.5821182350628078,145360.5640820214466657
320,hw_conduit,39-476024,,1,,39-476025,,Cond,,6218,,,,sanitary,,,,"{2298852.2506978353485465,145317.4574067412759177,2298858.5264688753522933,145315.3333165012591053}",,,2298852.2506978353485465,145317.4574067412759177
321,hw_conduit,39-476025,,1,,39-476026,,Cond,,6219,,,,sanitary,,,,"{2298858.5264688753522933,145315.3333165012591053,2298871.479249675758183,145297.521536021202337}",,,2298858.5264688753522933,145315.3333165012591053
322,hw_conduit,39-476026,,1,,39-476030,,Cond,,6222,,,,sanitary,,,,"{2298871.479249675758183,145297.521536021202337,2298920.6138935955241323,145274.2780366610968485}",,,2298871.479249675758183,145297.521536021202337
323,hw_conduit,39-476030,,1,,39-476031,,Cond,,6223,,,,sanitary,,,,"{2298920.6138935955241323,145274.2780366610968485,2298925.4382984759286046,145271.8920013011083938}",,,2298920.6138935955241323,145274.2780366610968485
324,hw_conduit,39-476031,,1,,39-476048,,Cond,,16546,,,,sanitary,,,,"{2298925.4382984759286046,145271.8920013011083938,2298930.8032966358587146,145274.9943471410952043}",,,2298925.4382984759286046,145271.8920013011083938
325,hw_conduit,39-476038,,1,,39-478016,,Cond,,5128,,,,sanitary,,,,"{2298515.453525354154408,145677.3283354627201334,2298609.9808750343509018,145704.4970492228167132}",,,2298515.453525354154408,145677.3283354627201334
326,hw_conduit,39-476040,,1,,39-476023,,Cond,,14725,,,,sanitary,,,,"{2298808.6514352755621076,145410.1739396216289606,2298826.5821182350628078,145360.5640820214466657}",,,2298808.6514352755621076,145410.1739396216289606
327,hw_conduit,39-476042,,1,,39-476043,,Cond,,11870,,,,sanitary,,,,"{2299045.8972091963514686,145340.8510505813756026,2299119.6588091966696084,145378.1700005815073382}",,,2299045.8972091963514686,145340.8510505813756026
328,hw_conduit,39-476043,,1,,39-476044,,Cond,,5287,,,,sanitary,,,,"{2299119.6588091966696084,145378.1700005815073382,2299119.9636091967113316,145384.7613005815364886}",,,2299119.6588091966696084,145378.1700005815073382
329,hw_conduit,39-476044,,1,,39-476045,,Cond,,5286,,,,sanitary,,,,"{2299119.9636091967113316,145384.7613005815364886,2299062.3564091962762177,145450.0551755818014499}",,,2299119.9636091967113316,145384.7613005815364886
330,hw_conduit,39-476045,,1,,39-476046,,Cond,,13176,,,,sanitary,,,,"{2299062.3564091962762177,145450.0551755818014499,2299038.5849047959782183,145487.9965119419503026}",,,2299062.3564091962762177,145450.0551755818014499
331,hw_conduit,39-476046,,1,,39-476047,,Cond,,13177,,,,sanitary,,,,"{2299038.5849047959782183,145487.9965119419503026,2299162.1784091969020665,145598.3880005824030377}",,,2299038.5849047959782183,145487.9965119419503026
332,hw_conduit,39-476047,,1,,39-478095,,Cond,,5265,,,,sanitary,,,,"{2299162.1784091969020665,145598.3880005824030377,2299159.2828091965056956,145785.7066505831317045}",,,2299162.1784091969020665,145598.3880005824030377
333,hw_conduit,39-476048,,1,,39-476059,,Cond,,16548,,,,sanitary,,,,"{2298930.8032966358587146,145274.9943471410952043,2298934.9081601561047137,145277.3431664211093448}",,,2298930.8032966358587146,145274.9943471410952043
334,hw_conduit,39-476053,,1,,39-476054,,Cond,,15349,,,,sanitary,,,,"{2298784.6467893552035093,145130.2685710605292115,2298851.8622302357107401,145169.8991242607007734}",,,2298784.6467893552035093,145130.2685710605292115
335,hw_conduit,39-476054,,1,,39-476055,,Cond,,15350,,,,sanitary,,,,"{2298851.8622302357107401,145169.8991242607007734,2298835.0276080751791596,145217.2898549808887765}",,,2298851.8622302357107401,145169.8991242607007734
336,hw_conduit,39-476055,,1,,39-476056,,Cond,,17376,,,,sanitary,,,,"{2298835.0276080751791596,145217.2898549808887765,2298862.1838555154390633,145233.0425590609374922}",,,2298835.0276080751791596,145217.2898549808887765
337,hw_conduit,39-476056,,1,,39-476057,,Cond,,17377,,,,sanitary,,,,"{2298862.1838555154390633,145233.0425590609374922,2298896.5841778754256666,145252.0850609810149763}",,,2298862.1838555154390633,145233.0425590609374922
338,hw_conduit,39-476057,,1,,39-476058,,Cond,,15347,,,,sanitary,,,,"{2298896.5841778754256666,145252.0850609810149763,2298934.3559235157445073,145274.4397635411005467}",,,2298896.5841778754256666,145252.0850609810149763
339,hw_conduit,39-476058,,1,,39-476059,,Cond,,15348,,,,sanitary,,,,"{2298934.3559235157445073,145274.4397635411005467,2298934.9081601561047137,145277.3431664211093448}",,,2298934.3559235157445073,145274.4397635411005467
340,hw_conduit,39-476059,,1,,39-476042,,Cond,,16547,,,,sanitary,,,,"{2298934.9081601561047137,145277.3431664211093448,2299045.8972091963514686,145340.8510505813756026}",,,2298934.9081601561047137,145277.3431664211093448
341,hw_conduit,39-476062,,1,,39-476063,,Cond,,21945,,,,sanitary,,,,"{2298667.1230416749604046,145487.7002158619579859,2298713.2858551149256527,145505.2257281820347998}",,,2298667.1230416749604046,145487.7002158619579859
342,hw_conduit,39-476063,,1,,39-476064,,Cond,,21944,,,,sanitary,,,,"{2298713.2858551149256527,145505.2257281820347998,2298769.7328034350648522,145510.658544342033565}",,,2298713.2858551149256527,145505.2257281820347998
343,hw_conduit,39-476064,,1,,39-476021,,Cond,,22271,,,,sanitary,,,,"{2298769.7328034350648522,145510.658544342033565,2298780.6099876752123237,145481.4210310619382653}",,,2298769.7328034350648522,145510.658544342033565
344,hw_conduit,39-476068,,1,,39-476062,,Cond,,21948,,,,sanitary,,,,"{2298659.1442920747213066,145484.6711134619545192,2298667.1230416749604046,145487.7002158619579859}",,,2298659.1442920747213066,145484.6711134619545192
345,hw_conduit,39-478011,,1,,39-478012,,Cond,,16336,,,,sanitary,,,,"{2298459.7385542336851358,145809.0962101032491773,2298501.8592929542064667,145808.7698912232299335}",,,2298459.7385542336851358,145809.0962101032491773
346,hw_conduit,39-478012,,1,,39-478013,,Cond,,12874,,,,sanitary,,,,"{2298501.8592929542064667,145808.7698912232299335,2298506.0157591141760349,145808.3389040232286789}",,,2298501.8592929542064667,145808.7698912232299335
347,hw_conduit,39-478013,,1,,39-478014,,Cond,,16337,,,,sanitary,,,,"{2298506.0157591141760349,145808.3389040232286789,2298533.4668091139756143,145808.3126607432495803}",,,2298506.0157591141760349,145808.3389040232286789
348,hw_conduit,39-478014,,1,,39-478020,,Cond,,14658,,,,sanitary,,,,"{2298533.4668091139756143,145808.3126607432495803,2298594.401785034686327,145805.8074485832185019}",,,2298533.4668091139756143,145808.3126607432495803
349,hw_conduit,39-478016,,1,,39-478018,,Cond,,5124,,,,sanitary,,,,"{2298609.9808750343509018,145704.4970492228167132,2298698.0050423950888216,145729.6298209029191639}",,,2298609.9808750343509018,145704.4970492228167132
350,hw_conduit,39-478017,,1,,39-476018,,Cond,,5132,,,,sanitary,,,,"{2298708.0859366348013282,145683.3525245827331673,2298714.302119274623692,145651.1937166626157705}",,,2298708.0859366348013282,145683.3525245827331673
351,hw_conduit,39-478018,,1,,39-478017,,Cond,,5127,,,,sanitary,,,,"{2298698.0050423950888216,145729.6298209029191639,2298708.0859366348013282,145683.3525245827331673}",,,2298698.0050423950888216,145729.6298209029191639
352,hw_conduit,39-478019,,1,,39-478058,,Cond,,12876,,,,sanitary,,,,"{2298684.5106624746695161,145803.967767223221017,2298685.4417045544832945,145798.2515785032010172}",,,2298684.5106624746695161,145803.967767223221017
353,hw_conduit,39-478020,,1,,39-478019,,Cond,,5109,,,,sanitary,,,,"{2298594.401785034686327,145805.8074485832185019,2298684.5106624746695161,145803.967767223221017}",,,2298594.401785034686327,145805.8074485832185019
354,hw_conduit,39-478021,,1,,39-478019,,Cond,,12875,,,,sanitary,,,,"{2298692.7926575946621597,145807.7848995432432275,2298684.5106624746695161,145803.967767223221017}",,,2298692.7926575946621597,145807.7848995432432275
355,hw_conduit,39-478022,,1,,39-478019,,Cond,,5108,,,,sanitary,,,,"{2298669.1244194349274039,145894.1231876235688105,2298684.5106624746695161,145803.967767223221017}",,,2298669.1244194349274039,145894.1231876235688105
356,hw_conduit,39-478023,,1,,39-478021,,Cond,,22128,,,,sanitary,,,,"{2298679.3085189550183713,145890.5131973835814279,2298692.7926575946621597,145807.7848995432432275}",,,2298679.3085189550183713,145890.5131973835814279
357,hw_conduit,39-478024,,1,,39-478022,,Cond,,15194,,,,sanitary,,,,"{2298651.3260501548647881,146008.7900144240411464,2298669.1244194349274039,145894.1231876235688105}",,,2298651.3260501548647881,146008.7900144240411464
358,hw_conduit,39-478058,,1,,39-478018,,Cond,,5116,,,,sanitary,,,,"{2298685.4417045544832945,145798.2515785032010172,2298698.0050423950888216,145729.6298209029191639}",,,2298685.4417045544832945,145798.2515785032010172
359,hw_conduit,39-478091,,1,,39-480015,,Cond,,14340,,,,sanitary,,,,"{2299166.1408091965131462,146228.4572255849197973,2299169.9508091965690255,146381.8859255855204538}",,,2299166.1408091965131462,146228.4572255849197973
360,hw_conduit,39-478092,,1,,39-478091,,Cond,,5194,,,,sanitary,,,,"{2299151.8152091968804598,146177.6699255847197492,2299166.1408091965131462,146228.4572255849197973}",,,2299151.8152091968804598,146177.6699255847197492
361,hw_conduit,39-478093,,1,,39-478092,,Cond,,5208,,,,sanitary,,,,"{2299166.9028091966174543,146073.9807755842921324,2299151.8152091968804598,146177.6699255847197492}",,,2299166.9028091966174543,146073.9807755842921324
362,hw_conduit,39-478094,,1,,39-478093,,Cond,,5224,,,,sanitary,,,,"{2299163.3976091966032982,145984.9315505839476828,2299166.9028091966174543,146073.9807755842921324}",,,2299163.3976091966032982,145984.9315505839476828
363,hw_conduit,39-478095,,1,,39-478094,,Cond,,5247,,,,sanitary,,,,"{2299159.2828091965056956,145785.7066505831317045,2299163.3976091966032982,145984.9315505839476828}",,,2299159.2828091965056956,145785.7066505831317045
364,hw_conduit,39-480015,,1,,39-480016,,Cond,,4250,,,,sanitary,,,,"{2299169.9508091965690255,146381.8859255855204538,2299091.4648091965354979,146386.324575585545972}",,,2299169.9508091965690255,146381.8859255855204538
365,hw_conduit,39-480016,,1,,39-480017,,Cond,,4249,,,,sanitary,,,,"{2299091.4648091965354979,146386.324575585545972,2299088.2644091965630651,146551.1451755862217396}",,,2299091.4648091965354979,146386.324575585545972
366,hw_conduit,39-480017,,1,,39-480018,,Cond,,4240,,,,sanitary,,,,"{2299088.2644091965630651,146551.1451755862217396,2298992.100009195972234,146753.8562255870201625}",,,2299088.2644091965630651,146551.1451755862217396
367,hw_conduit,39-480018,,1,,39-482004,,Cond,,4229,,,,sanitary,,,,"{2298992.100009195972234,146753.8562255870201625,2298904.0128091955557466,146941.460625587758841}",,,2298992.100009195972234,146753.8562255870201625
368,hw_conduit,39-482004,,1,,39-482005,,Cond,,4222,,,,sanitary,,,,"{2298904.0128091955557466,146941.460625587758841,2298829.3368091955780983,147098.8326755884045269}",,,2298904.0128091955557466,146941.460625587758841
369,hw_conduit,39-482005,,1,,39-482006,,Cond,,12003,,,,sanitary,,,,"{2298829.3368091955780983,147098.8326755884045269,2298735.7632091948762536,147230.4777005889336579}",,,2298829.3368091955780983,147098.8326755884045269
370,hw_conduit,39-482006,,1,,39-482007,,Cond,,11922,,,,sanitary,,,,"{2298735.7632091948762536,147230.4777005889336579,2298621.006009194534272,147344.215725589368958}",,,2298735.7632091948762536,147230.4777005889336579
371,hw_conduit,39-482007,,1,,39-484001,,Cond,,3477,,,,sanitary,,,,"{2298621.006009194534272,147344.215725589368958,2298540.23400919418782,147546.4124255901842844}",,,2298621.006009194534272,147344.215725589368958
372,hw_conduit,39-484001,,1,,39-484002,,Cond,,3454,,,,sanitary,,,,"{2298540.23400919418782,147546.4124255901842844,2298464.9484091941267252,147680.6387255907175131}",,,2298540.23400919418782,147546.4124255901842844
373,hw_conduit,39-484002,,1,,36-484056,,Cond,,15197,,,,sanitary,,,,"{2298464.9484091941267252,147680.6387255907175131,2298409.779609193559736,147877.4538005915237591}",,,2298464.9484091941267252,147680.6387255907175131
374,hw_conduit,4647,GIS,1,,5131,GIS,Cond,,641312600,GIS,,,sanitary,,,,"{2298718.2975515965372324,145149.7815005705924705,2298742.1531516001559794,145105.9842005755926948}",,,2298718.2975515965372324,145149.7815005705924705
375,hw_conduit,5131,GIS,1,,39-476053,CAR,Cond,,641314690,GIS,,,sanitary,,,,"{2298742.1531516001559794,145105.9842005755926948,2298784.6467893552035093,145130.2685710605292115}",,,2298742.1531516001559794,145105.9842005755926948
376,hw_conduit,I33-470901,,1,,I33-472902,,Cond,,FM90007,,,,sanitary,,,,"{2296666.1804446266032755,143809.0053461752249859,2296746.0794364670291543,143900.2502741756034084}",,,2296666.1804446266032755,143809.0053461752249859
377,hw_conduit,I33-472901,,1,,33-472011,,Cond,,FM90009,,,,sanitary,,,,"{2296800.3242047871463001,143969.7397059358772822,2296746.8115051072090864,144018.3815187360742129}",,,2296800.3242047871463001,143969.7397059358772822
378,hw_conduit,I33-472902,,1,,I33-472901,,Cond,,FM90008,,,,sanitary,,,,"{2296746.0794364670291543,143900.2502741756034084,2296800.3242047871463001,143969.7397059358772822}",,,2296746.0794364670291543,143900.2502741756034084
379,hw_conduit,I33-474000,,1,,33-474018,,Cond,,12467,,,,sanitary,,,,"{2296616.4642118266783655,144765.57570633906289,2296655.6144307069480419,144754.7049228990217671}",,,2296616.4642118266783655,144765.57570633906289
380,hw_conduit,I33-484000,,1,,33-484003,,Cond,,3345,,,,sanitary,,,,"{2296898.8414169475436211,147970.9709211518929806,2296908.8915263880044222,147990.0935549919668119}",,,2296898.8414169475436211,147970.9709211518929806
381,hw_conduit,I33-486077,,1,,33-486073,,Cond,,C22002,,,,sanitary,,,,"{2297031.859215428121388,148158.9843017926323228,2297034.1544813481159508,148191.715646032767836}",,,2297031.859215428121388,148158.9843017926323228
382,hw_conduit,I36-474401,,1,,I36-474402,,Cond,,6205,,,,sanitary,,,,"{2298422.8958237539045513,145044.8021024201880209,2298426.3509298739954829,145035.6420089801540598}",,,2298422.8958237539045513,145044.8021024201880209
383,hw_conduit,I36-474402,,1,,39-474004,,Cond,,6206,,,,sanitary,,,,"{2298426.3509298739954829,145035.6420089801540598,2298442.7416260736063123,144992.1875264199625235}",,,2298426.3509298739954829,145035.6420089801540598
384,hw_conduit,I36-486901,,1,,I36-486902,,Cond,,FM90206,,,,sanitary,,,,"{2298078.7096896721050143,148468.7171240338648204,2298118.4369254326447845,148519.4229509940778371}",,,2298078.7096896721050143,148468.7171240338648204
385,hw_conduit,I36-486901,,2,,I36-486903,,Cond,,FM90455,,,,sanitary,,,,"{2298078.7096896721050143,148468.7171240338648204,2298121.5443919124081731,148519.7054701140732504}",,,2298078.7096896721050143,148468.7171240338648204
386,hw_conduit,I36-486902,,1,,STC-01,,Cond,,FM90207,,,,sanitary,,,,"{2298118.4369254326447845,148519.4229509940778371,2298142.6360032726079226,149062.3973590762470849}",,,2298118.4369254326447845,148519.4229509940778371
387,hw_conduit,I36-486903,,1,,STC-01,,Cond,,FM90255,,,,sanitary,,,,"{2298121.5443919124081731,148519.7054701140732504,2298142.6360032726079226,149062.3973590762470849}",,,2298121.5443919124081731,148519.7054701140732504
